<?xml version="1.0" encoding="UTF-8" ?><documents><document><id>500</id><created_at>2018-06-21 13:21:57</created_at><updated_at>2018-06-21 13:21:57</updated_at><model>364</model><document><id>1</id><type>0</type><name>BAR EN 101 + R1</name><created_at>2017-02-24 17:53:35</created_at><updated_at>2018-11-10 20:46:35</updated_at></document></document><document><id>501</id><created_at>2018-06-21 13:22:04</created_at><updated_at>2018-06-21 13:22:04</updated_at><model>364</model><document><id>2</id><type>0</type><name>BAR EN 101 + R2</name><created_at>2017-02-24 17:54:01</created_at><updated_at>2018-11-10 20:46:28</updated_at></document></document><document><id>502</id><created_at>2018-06-21 13:22:14</created_at><updated_at>2018-06-21 13:22:14</updated_at><model>366</model><document><id>3</id><type>0</type><name>BAR EN 102 + R1</name><created_at>2017-02-24 17:54:21</created_at><updated_at>2018-11-10 20:46:19</updated_at></document></document><document><id>503</id><created_at>2018-06-21 13:22:24</created_at><updated_at>2018-06-21 13:22:24</updated_at><model>366</model><document><id>4</id><type>0</type><name>BAR EN 102 + R2 </name><created_at>2017-02-24 17:54:33</created_at><updated_at>2018-11-10 20:45:43</updated_at></document></document><document><id>504</id><created_at>2018-06-21 13:22:33</created_at><updated_at>2018-06-21 13:22:33</updated_at><model>368</model><document><id>5</id><type>0</type><name>BAR EN 103 + R1</name><created_at>2017-02-24 17:54:50</created_at><updated_at>2018-11-10 20:45:34</updated_at></document></document><document><id>505</id><created_at>2018-06-21 13:22:39</created_at><updated_at>2018-06-21 13:22:39</updated_at><model>368</model><document><id>6</id><type>0</type><name>BAR EN 103 + R2 </name><created_at>2017-02-24 17:55:07</created_at><updated_at>2018-11-10 20:45:20</updated_at></document></document><document><id>506</id><created_at>2018-06-21 13:22:46</created_at><updated_at>2018-06-21 13:22:46</updated_at><model>370</model><document><id>7</id><type>0</type><name>BAR EN 101 + 102 + R1 </name><created_at>2017-02-24 17:55:37</created_at><updated_at>2018-11-10 20:45:10</updated_at></document></document><document><id>507</id><created_at>2018-06-21 13:22:52</created_at><updated_at>2018-06-21 13:22:52</updated_at><model>370</model><document><id>8</id><type>0</type><name>BAR EN 101 + 102 + R2 </name><created_at>2017-02-24 17:55:54</created_at><updated_at>2018-11-10 20:45:01</updated_at></document></document><document><id>508</id><created_at>2018-06-21 13:23:01</created_at><updated_at>2018-06-21 13:23:01</updated_at><model>372</model><document><id>9</id><type>0</type><name>BAR EN 101 + 103 + R1</name><created_at>2017-02-24 17:56:25</created_at><updated_at>2018-11-10 20:44:46</updated_at></document></document><document><id>509</id><created_at>2018-06-21 13:23:10</created_at><updated_at>2018-06-21 13:23:10</updated_at><model>372</model><document><id>10</id><type>0</type><name>BAR EN 101 + 103+ R2 </name><created_at>2017-02-24 17:56:51</created_at><updated_at>2018-11-10 20:44:13</updated_at></document></document><document><id>510</id><created_at>2018-06-21 13:23:16</created_at><updated_at>2018-06-21 13:23:16</updated_at><model>374</model><document><id>11</id><type>0</type><name>BAR EN 102 + 103 +R1</name><created_at>2017-02-24 17:57:20</created_at><updated_at>2018-11-10 20:43:54</updated_at></document></document><document><id>511</id><created_at>2018-06-21 13:23:23</created_at><updated_at>2018-06-21 13:23:23</updated_at><model>374</model><document><id>12</id><type>0</type><name>BAR EN 102 + 103 +R2 </name><created_at>2017-02-24 17:57:54</created_at><updated_at>2018-11-10 20:43:44</updated_at></document></document><document><id>512</id><created_at>2018-06-21 13:23:33</created_at><updated_at>2018-06-21 13:23:33</updated_at><model>376</model><document><id>13</id><type>0</type><name>BAR EN 101 + 102 + 103 + R1</name><created_at>2017-02-24 17:58:12</created_at><updated_at>2018-11-10 20:43:35</updated_at></document></document><document><id>513</id><created_at>2018-06-21 13:23:40</created_at><updated_at>2018-06-21 13:23:40</updated_at><model>376</model><document><id>14</id><type>0</type><name>BAR EN 101 + 102 + 103 + R2</name><created_at>2017-02-24 17:58:26</created_at><updated_at>2018-11-10 20:43:26</updated_at></document></document><document><id>514</id><created_at>2018-06-21 13:23:46</created_at><updated_at>2018-06-21 13:23:46</updated_at><model>365</model><document><id>18</id><type>1</type><name>BAR EN 101 + R1 classic </name><created_at>2018-04-13 13:25:39</created_at><updated_at>2018-04-13 13:25:39</updated_at></document></document><document><id>515</id><created_at>2018-06-21 13:23:52</created_at><updated_at>2018-06-21 13:23:52</updated_at><model>365</model><document><id>19</id><type>1</type><name>BAR EN 101 + R2 classic </name><created_at>2018-04-13 13:25:55</created_at><updated_at>2018-04-13 13:25:55</updated_at></document></document><document><id>516</id><created_at>2018-06-21 13:24:01</created_at><updated_at>2018-06-21 13:24:01</updated_at><model>367</model><document><id>20</id><type>1</type><name>BAR EN 102 + R1 classic</name><created_at>2018-04-13 13:26:08</created_at><updated_at>2018-04-13 13:26:08</updated_at></document></document><document><id>517</id><created_at>2018-06-21 13:24:06</created_at><updated_at>2018-06-21 13:24:06</updated_at><model>367</model><document><id>21</id><type>1</type><name>BAR EN 102 + R2 classic </name><created_at>2018-04-13 13:26:23</created_at><updated_at>2018-04-13 13:26:23</updated_at></document></document><document><id>518</id><created_at>2018-06-21 13:24:17</created_at><updated_at>2018-06-21 13:24:17</updated_at><model>369</model><document><id>22</id><type>1</type><name>BAR EN 103 + R1 classic</name><created_at>2018-04-13 13:26:35</created_at><updated_at>2018-04-13 13:26:35</updated_at></document></document><document><id>519</id><created_at>2018-06-21 13:24:26</created_at><updated_at>2018-06-21 13:24:26</updated_at><model>369</model><document><id>23</id><type>1</type><name>BAR EN 103 + R2 classic</name><created_at>2018-04-13 13:26:48</created_at><updated_at>2018-04-13 13:26:48</updated_at></document></document><document><id>520</id><created_at>2018-06-21 13:24:40</created_at><updated_at>2018-06-21 13:24:40</updated_at><model>377</model><document><id>31</id><type>1</type><name>BAR EN 101 + 102 + 103 + R2 classic</name><created_at>2018-04-13 13:29:02</created_at><updated_at>2018-04-13 13:29:02</updated_at></document></document><document><id>521</id><created_at>2018-06-21 13:24:50</created_at><updated_at>2018-06-21 13:24:50</updated_at><model>377</model><document><id>30</id><type>1</type><name>BAR EN 101 + 102 + 103 + R1 classic </name><created_at>2018-04-13 13:28:48</created_at><updated_at>2018-04-13 13:28:48</updated_at></document></document><document><id>522</id><created_at>2018-06-21 13:24:58</created_at><updated_at>2018-06-21 13:24:58</updated_at><model>375</model><document><id>29</id><type>1</type><name>BAR EN 102 + 103 +R2 classic</name><created_at>2018-04-13 13:28:34</created_at><updated_at>2018-04-13 13:28:34</updated_at></document></document><document><id>523</id><created_at>2018-06-21 13:25:09</created_at><updated_at>2018-06-21 13:25:09</updated_at><model>375</model><document><id>28</id><type>1</type><name>BAR EN 102 + 103 +R1 classic</name><created_at>2018-04-13 13:28:02</created_at><updated_at>2018-04-13 13:28:02</updated_at></document></document><document><id>524</id><created_at>2018-06-21 13:25:22</created_at><updated_at>2018-06-21 13:25:22</updated_at><model>373</model><document><id>27</id><type>1</type><name>BAR EN 101 + 103+ R2 classic</name><created_at>2018-04-13 13:27:47</created_at><updated_at>2018-04-13 13:27:47</updated_at></document></document><document><id>525</id><created_at>2018-06-21 13:25:36</created_at><updated_at>2018-06-21 13:25:36</updated_at><model>373</model><document><id>26</id><type>1</type><name>BAR EN 101 + 103 + R1 classic</name><created_at>2018-04-13 13:27:32</created_at><updated_at>2018-04-13 13:27:32</updated_at></document></document><document><id>526</id><created_at>2018-06-21 13:25:48</created_at><updated_at>2018-06-21 13:25:48</updated_at><model>371</model><document><id>25</id><type>1</type><name>BAR EN 101 + 102 + R2 classic</name><created_at>2018-04-13 13:27:17</created_at><updated_at>2018-04-13 13:27:17</updated_at></document></document><document><id>527</id><created_at>2018-06-21 13:25:56</created_at><updated_at>2018-06-21 13:25:56</updated_at><model>371</model><document><id>24</id><type>1</type><name>BAR EN 101 + 102 + R1 classic </name><created_at>2018-04-13 13:27:00</created_at><updated_at>2018-04-13 13:27:00</updated_at></document></document></documents>