<?xml version="1.0" encoding="UTF-8" ?><models><model><id>364</id><name>101 modeste</name><extension>pdf</extension><created_at>2018-06-21 13:13:10</created_at><updated_at>2018-06-21 13:13:10</updated_at><i18n><id>264</id><value>101 modeste</value><comments></comments><file>model.pdf</file><initiator_signature>156,211,439,283|3</initiator_signature><signature>153,81,435,153|2;156,281,439,353|5</signature><variables>customer.address.postcode.0|customer.address.postcode.1|customer.address.postcode.2|customer.address.postcode.3|customer.address.postcode.4|customer.address.postcode|customer.address.address1|FieldNameAlt: Adresse des travaux|customer.address.address2|FieldNameAlt: Complpment d&#8217;adresse|customer.address.city|FieldNameAlt: Ville|customer.address|customer.email.name|FieldNameAlt: Courriel|customer.email.host|FieldNameAlt: undefined|customer.email|customer.phone.0|customer.phone.1|customer.phone.2|customer.phone.3|customer.phone.4|customer.phone.5|customer.phone.6|customer.phone.7|customer.phone.8|customer.phone.9|customer.phone|customer.mobile.0|customer.mobile.1|customer.mobile.2|customer.mobile.3|customer.mobile.4|customer.mobile.5|customer.mobile.6|customer.mobile.7|customer.mobile.8|customer.mobile.9|customer.mobile|customer.lastname|FieldNameAlt: Nom du signataire|customer.firstname|FieldNameAlt: Prpnom du signataire|customer|today.ddmmyyyy.6|today.ddmmyyyy.7|today.ddmmyyyy.0|today.ddmmyyyy.9|today.ddmmyyyy.8|today.ddmmyyyy.1|today.ddmmyyyy.4|today.ddmmyyyy.3|today.ddmmyyyy|today|company.lastname|FieldNameAlt: Nom du signataire|company.firstname|FieldNameAlt: Prpnom du signataire|company.function|FieldNameAlt: Fonction du signataire|company.name|FieldNameAlt: Raison sociale|company.siret|company.address1|FieldNameAlt: Adresse|company.city|FieldNameAlt: Ville|company.email|FieldNameAlt: Courriel|company.postcode|company.phone|company.mobile|Pays_2|FieldNameAlt: Pays|Pays|FieldNameAlt: Pays|Check Box1|contract.request.extra.modest.numberofpeople|FieldNameAlt: Nombre de personnes|contract.request.extra.modest.nombre_foyers_fiscaux|FieldNameAlt: Nombre de foyers fiscaux|contract.request.extra.modest.noms_prenoms_declarants|FieldNameAlt: Nom (s) et prpnom (s) du/des premier (s) dpclarant (s) des autres foyers fiscaux|contract.request.extra.verymodest.numberofpeople|FieldNameAlt: Nombre de personnes|contract.request.extra.verymodest.nombre_foyers_fiscaux|FieldNameAlt: Nom (s) et prpnom (s) du/des premier (s) dpclarant (s) des autres foyers fiscaux|contract.request.extra.verymodest.noms_prenoms_declarants|FieldNameAlt: Nombre de foyers fiscaux|contract.request.extra|contract.request.more_2_years|contract.request.layer_type.crawling|contract.request.layer_type|contract.request.surface_top|contract.layer.exists|contract.layer.name|FieldNameAlt: Adresse des travaux|contract.layer.contacts.0.firstname|FieldNameAlt: Prpnom|contract.layer.contacts.0.lastname|FieldNameAlt: Raison sociale|contract.layer.contacts|contract.layer.siret.0|contract.layer.siret.1|contract.layer.siret.2|contract.layer.siret.3|contract.layer.siret.4|contract.layer.siret.5|contract.layer.siret.6|contract.layer.siret.7|contract.layer.siret.8|contract.layer.siret.9|contract.layer.siret.10|contract.layer.siret.11|contract.layer.siret.12|contract.layer.siret.13|contract.opened_at.ddmmyyyy|FieldNameAlt: Date d&#8217;engagement de l&#8217;oppration (ex : date d&#8217;acceptation du devis|contract.opc_at.ddmmyyyy|contract.pre_meeting_at.ddmmyyyy|contract|calculation.class.value|calculation.class|calculation|quotation.products.top.items.0.item.input3|FieldNameAlt: Rpsistance thermique : R (m&#178;.K/W|quotation.products.top.items.0|quotation.products.top.items|quotation.products.top|quotation.products|quotation</variables><lang>fr</lang><content></content><created_at>2018-06-21 13:13:10</created_at><updated_at>2018-11-07 15:58:02</updated_at></i18n></model><model><id>365</id><name>101 classic1</name><extension>pdf</extension><created_at>2018-06-21 13:14:09</created_at><updated_at>2018-06-21 13:14:09</updated_at><i18n><id>265</id><value>101 classic1</value><comments></comments><file>model.pdf</file><initiator_signature>160,203,429,282|3</initiator_signature><signature>162,81,430,159|2</signature><variables>customer.address.postcode.0|customer.address.postcode.1|customer.address.postcode.2|customer.address.postcode.3|customer.address.postcode.4|customer.address.postcode|customer.address.address1|FieldNameAlt: Adresse des travaux|customer.address.address2|FieldNameAlt: Complpment d&#8217;adresse|customer.address.city|FieldNameAlt: Ville|customer.address|customer.email.name|FieldNameAlt: Courriel|customer.email.host|FieldNameAlt: undefined|customer.phone.0|customer.phone.1|customer.phone.2|customer.phone.3|customer.phone.4|customer.phone.5|customer.phone.6|customer.phone.7|customer.phone.8|customer.phone.9|customer.mobile.0|customer.mobile.1|customer.mobile.2|customer.mobile.3|customer.mobile.4|customer.mobile.5|customer.mobile.6|customer.mobile.7|customer.mobile.8|customer.mobile.9|customer.lastname|FieldNameAlt: Nom du signataire|customer.firstname|FieldNameAlt: Prpnom du signataire|today.ddmmyyyy.6|today.ddmmyyyy.7|today.ddmmyyyy.0|today.ddmmyyyy.9|today.ddmmyyyy.8|today.ddmmyyyy.1|today.ddmmyyyy.4|today.ddmmyyyy.3|today.ddmmyyyy|today|company.lastname|FieldNameAlt: Nom du signataire|company.firstname|FieldNameAlt: Prpnom du signataire|company.function|FieldNameAlt: Fonction du signataire|company.name|FieldNameAlt: Raison sociale|company.siret|company.address1|FieldNameAlt: Adresse|company.city|FieldNameAlt: Ville|company.email|FieldNameAlt: Courriel|company.postcode|company.phone|company.mobile|Pays|FieldNameAlt: Pays|Check Box1|contract.request.more_2_years|contract.request.layer_type.crawling|contract.request.layer_type|contract.request.surface_top|contract.layer.exists|contract.layer.name|FieldNameAlt: Adresse des travaux|contract.layer.contacts.0.firstname|FieldNameAlt: Prpnom|contract.layer.contacts.0.lastname|FieldNameAlt: Raison sociale|contract.layer.contacts|contract.layer.siret.0|contract.layer.siret.1|contract.layer.siret.2|contract.layer.siret.3|contract.layer.siret.4|contract.layer.siret.5|contract.layer.siret.6|contract.layer.siret.7|contract.layer.siret.8|contract.layer.siret.9|contract.layer.siret.10|contract.layer.siret.11|contract.layer.siret.12|contract.layer.siret.13|contract.opened_at.ddmmyyyy|FieldNameAlt: Date d&#8217;engagement de l&#8217;oppration (ex : date d&#8217;acceptation du devis|contract.opc_at.ddmmyyyy|contract.pre_meeting_at.ddmmyyyy|contract|quotation.products.top.items.0.item.input3|FieldNameAlt: Rpsistance thermique : R (m&#178;.K/W|quotation.products.top.items.0|quotation.products.top.items|quotation.products.top|quotation.products|quotation</variables><lang>fr</lang><content></content><created_at>2018-06-21 13:14:09</created_at><updated_at>2018-11-07 15:58:11</updated_at></i18n></model><model><id>366</id><name>102 modeste</name><extension>pdf</extension><created_at>2018-06-21 13:15:07</created_at><updated_at>2018-06-21 13:15:07</updated_at><i18n><id>266</id><value>102 modeste</value><comments></comments><file>model.pdf</file><initiator_signature>150,201,444,285|3</initiator_signature><signature>151,76,445,160|2;153,276,447,360|5</signature><variables>customer.address.postcode.0|customer.address.postcode.1|customer.address.postcode.2|customer.address.postcode.3|customer.address.postcode.4|customer.address.postcode|customer.address.address1|FieldNameAlt: Adresse des travaux|customer.address.address2|FieldNameAlt: Complpment d&#8217;adresse|customer.address.city|customer.address|customer.email.name|FieldNameAlt: Courriel|customer.email.host|FieldNameAlt: undefined|customer.email|customer.phone.0|customer.phone.1|customer.phone.2|customer.phone.3|customer.phone.4|customer.phone.5|customer.phone.6|customer.phone.7|customer.phone.8|customer.phone.9|customer.phone|customer.mobile.0|customer.mobile.1|customer.mobile.2|customer.mobile.3|customer.mobile.4|customer.mobile.5|customer.mobile.6|customer.mobile.7|customer.mobile.8|customer.mobile.9|customer.mobile|customer.lastname|FieldNameAlt: Nom du signataire|customer.firstname|FieldNameAlt: Prpnom du signataire|customer|today.ddmmyyyy.6|today.ddmmyyyy.7|today.ddmmyyyy.0|today.ddmmyyyy.9|today.ddmmyyyy.8|today.ddmmyyyy.1|today.ddmmyyyy.4|today.ddmmyyyy.3|today.ddmmyyyy|today|company.lastname|FieldNameAlt: Nom du signataire|company.firstname|FieldNameAlt: Prpnom du signataire|company.function|FieldNameAlt: Fonction du signataire|company.name|FieldNameAlt: Raison sociale|company.siret|company.address1|FieldNameAlt: Adresse|company.city|FieldNameAlt: Ville|company.email|FieldNameAlt: Courriel|company.postcode|company.phone|company.mobile|Pays_2|FieldNameAlt: Pays|contract.opened_at.ddmmyyyy|FieldNameAlt: Date d&#8217;engagement de l&#8217;oppration (ex : date d&#8217;acceptation du devis|contract.opc_at.ddmmyyyy|contract.request.surface_wall|contract.request.more_2_years|contract.request.energy.electricity|contract.request.energy|contract.request.extra.modest.numberofpeople|FieldNameAlt: Nombre de personnes|contract.request.extra.modest.nombre_foyers_fiscaux|FieldNameAlt: Nombre de foyers fiscaux|contract.request.extra.modest.noms_prenoms_declarants|FieldNameAlt: Nom (s) et prpnom (s) du/des premier (s) dpclarant (s) des autres foyers fiscaux|contract.request.extra.verymodest.numberofpeople|FieldNameAlt: Nombre de personnes|contract.request.extra.verymodest.nombre_foyers_fiscaux|FieldNameAlt: Nom (s) et prpnom (s) du/des premier (s) dpclarant (s) des autres foyers fiscaux|contract.request.extra.verymodest.noms_prenoms_declarants|FieldNameAlt: Nombre de foyers fiscaux|contract.request.extra|contract.layer.name|FieldNameAlt: Adresse des travaux|contract.layer.contacts.0.firstname|FieldNameAlt: Prpnom|contract.layer.contacts.0.lastname|FieldNameAlt: Raison sociale|contract.layer.contacts|contract.layer.siret.0|contract.layer.siret.1|contract.layer.siret.2|contract.layer.siret.3|contract.layer.siret.4|contract.layer.siret.5|contract.layer.siret.6|contract.layer.siret.7|contract.layer.siret.8|contract.layer.siret.9|contract.layer.siret.10|contract.layer.siret.11|contract.layer.siret.12|contract.layer.siret.13|contract.layer.exists|contract|Pays|FieldNameAlt: Pays|Check Box1|quotation.products.wall.items.0.item.input3|FieldNameAlt: Rpsistance thermique : R (m&#178;.K/W|quotation.products.wall.items.0|quotation.products.wall.items|quotation.products.wall|quotation.products|quotation|calculation.class.value|calculation.class|calculation</variables><lang>fr</lang><content></content><created_at>2018-06-21 13:15:07</created_at><updated_at>2018-06-21 13:15:08</updated_at></i18n></model><model><id>367</id><name>102 classic1</name><extension>pdf</extension><created_at>2018-06-21 13:15:52</created_at><updated_at>2018-06-21 13:15:52</updated_at><i18n><id>267</id><value>102 classic1</value><comments></comments><file>model.pdf</file><initiator_signature>160,199,434,278|3</initiator_signature><signature>161,79,435,158|2</signature><variables>customer.address.postcode.0|customer.address.postcode.1|customer.address.postcode.2|customer.address.postcode.3|customer.address.postcode.4|customer.address.postcode|customer.address.city|customer.address.address1|FieldNameAlt: Adresse des travaux|customer.address.address2|FieldNameAlt: Complpment d&#8217;adresse|customer.address|customer.lastname|FieldNameAlt: Nom du signataire|customer.firstname|FieldNameAlt: Prpnom du signataire|customer.phone.0|customer.phone.1|customer.phone.2|customer.phone.3|customer.phone.4|customer.phone.5|customer.phone.6|customer.phone.7|customer.phone.8|customer.phone.9|customer.mobile.0|customer.mobile.1|customer.mobile.2|customer.mobile.3|customer.mobile.4|customer.mobile.5|customer.mobile.6|customer.mobile.7|customer.mobile.8|customer.mobile.9|customer.email.name|FieldNameAlt: Courriel|customer.email.host|FieldNameAlt: undefined|today.ddmmyyyy.0|today.ddmmyyyy.1|today.ddmmyyyy.3|today.ddmmyyyy.4|today.ddmmyyyy.6|today.ddmmyyyy.7|today.ddmmyyyy.8|today.ddmmyyyy.9|today.ddmmyyyy|today|company.lastname|FieldNameAlt: Nom du signataire|company.firstname|FieldNameAlt: Prpnom du signataire|company.function|FieldNameAlt: Fonction du signataire|company.name|FieldNameAlt: Raison sociale|company.siret|company.address1|FieldNameAlt: Adresse|company.city|FieldNameAlt: Ville|company.email|FieldNameAlt: Courriel|company.postcode|company.phone|company.mobile|contract.opened_at.ddmmyyyy|FieldNameAlt: Date d&#8217;engagement de l&#8217;oppration (ex : date d&#8217;acceptation du devis|contract.opc_at.ddmmyyyy|contract.request.surface_wall|contract.request.more_2_years|contract.request.energy.electricity|contract.request.energy|contract.layer.name|FieldNameAlt: Adresse des travaux|contract.layer.contacts.0.firstname|FieldNameAlt: Prpnom|contract.layer.contacts.0.lastname|FieldNameAlt: Raison sociale|contract.layer.contacts|contract.layer.siret.0|contract.layer.siret.1|contract.layer.siret.2|contract.layer.siret.3|contract.layer.siret.4|contract.layer.siret.5|contract.layer.siret.6|contract.layer.siret.7|contract.layer.siret.8|contract.layer.siret.9|contract.layer.siret.10|contract.layer.siret.11|contract.layer.siret.12|contract.layer.siret.13|contract.layer.exists|contract|Pays|FieldNameAlt: Pays|Check Box1|quotation.products.wall.items.0.item.input3|FieldNameAlt: Rpsistance thermique : R (m&#178;.K/W|quotation.products.wall.items.0|quotation.products.wall.items|quotation.products.wall|quotation.products|quotation</variables><lang>fr</lang><content></content><created_at>2018-06-21 13:15:52</created_at><updated_at>2018-06-21 13:15:52</updated_at></i18n></model><model><id>368</id><name>103 modeste</name><extension>pdf</extension><created_at>2018-06-21 13:16:20</created_at><updated_at>2018-06-21 13:16:20</updated_at><i18n><id>268</id><value>103 modeste</value><comments></comments><file>model.pdf</file><initiator_signature>160,210,443,284|3</initiator_signature><signature>158,82,441,156|2;162,285,445,359|5</signature><variables>customer.address.postcode.0|customer.address.postcode.1|customer.address.postcode.2|customer.address.postcode.3|customer.address.postcode.4|customer.address.postcode|customer.address.address1|FieldNameAlt: Adresse des travaux|customer.address.address2|FieldNameAlt: Complpment d&#8217;adresse|customer.address.city|customer.address|customer.email.name|FieldNameAlt: Courriel|customer.email.host|FieldNameAlt: undefined|customer.email|customer.phone.0|customer.phone.1|customer.phone.2|customer.phone.3|customer.phone.4|customer.phone.5|customer.phone.6|customer.phone.7|customer.phone.8|customer.phone.9|customer.phone|customer.mobile.0|customer.mobile.1|customer.mobile.2|customer.mobile.3|customer.mobile.4|customer.mobile.5|customer.mobile.6|customer.mobile.7|customer.mobile.8|customer.mobile.9|customer.mobile|customer.lastname|FieldNameAlt: Nom du signataire|customer.firstname|FieldNameAlt: Prpnom du signataire|customer|today.ddmmyyyy.6|today.ddmmyyyy.7|today.ddmmyyyy.0|today.ddmmyyyy.9|today.ddmmyyyy.8|today.ddmmyyyy.1|today.ddmmyyyy.4|today.ddmmyyyy.3|today.ddmmyyyy|today|company.lastname|FieldNameAlt: Nom du signataire|company.firstname|FieldNameAlt: Prpnom du signataire|company.function|FieldNameAlt: Fonction du signataire|company.name|FieldNameAlt: Raison sociale|company.siret|company.address1|FieldNameAlt: Adresse|company.city|FieldNameAlt: Ville|company.email|FieldNameAlt: Courriel|company.postcode|company.phone|company.mobile|Pays_2|FieldNameAlt: Pays|contract.opened_at.ddmmyyyy|FieldNameAlt: Date d&#8217;engagement de l&#8217;oppration (ex : date d&#8217;acceptation du devis|contract.opc_at.ddmmyyyy|contract.request.surface_floor|contract.request.more_2_years|contract.request.energy.electricity|contract.request.energy|contract.request.extra.modest.numberofpeople|FieldNameAlt: Nombre de personnes|contract.request.extra.modest.nombre_foyers_fiscaux|FieldNameAlt: Nombre de foyers fiscaux|contract.request.extra.modest.noms_prenoms_declarants|FieldNameAlt: Nom (s) et prpnom (s) du/des premier (s) dpclarant (s) des autres foyers fiscaux|contract.request.extra.verymodest.numberofpeople|FieldNameAlt: Nombre de personnes|contract.request.extra.verymodest.nombre_foyers_fiscaux|FieldNameAlt: Nom (s) et prpnom (s) du/des premier (s) dpclarant (s) des autres foyers fiscaux|contract.request.extra.verymodest.noms_prenoms_declarants|FieldNameAlt: Nombre de foyers fiscaux|contract.request.extra|contract.layer.name|FieldNameAlt: Adresse des travaux|contract.layer.contacts.0.firstname|FieldNameAlt: Prpnom|contract.layer.contacts.0.lastname|FieldNameAlt: Raison sociale|contract.layer.contacts|contract.layer.siret.0|contract.layer.siret.1|contract.layer.siret.2|contract.layer.siret.3|contract.layer.siret.4|contract.layer.siret.5|contract.layer.siret.6|contract.layer.siret.7|contract.layer.siret.8|contract.layer.siret.9|contract.layer.siret.10|contract.layer.siret.11|contract.layer.siret.12|contract.layer.siret.13|contract.layer.exists|contract|Pays|FieldNameAlt: Pays|Check Box1|quotation.products.floor.items.0.item.input3|FieldNameAlt: Rpsistance thermique : R (m&#178;.K/W|quotation.products.floor.items.0|quotation.products.floor.items|quotation.products.floor|quotation.products|quotation|calculation.class.value|calculation.class|calculation</variables><lang>fr</lang><content></content><created_at>2018-06-21 13:16:20</created_at><updated_at>2018-06-21 13:16:20</updated_at></i18n></model><model><id>369</id><name>103classic1</name><extension>pdf</extension><created_at>2018-06-21 13:16:48</created_at><updated_at>2018-06-21 13:16:48</updated_at><i18n><id>269</id><value>103classic1</value><comments></comments><file>model.pdf</file><initiator_signature>171,199,439,286|3</initiator_signature><signature>162,74,430,162|2</signature><variables>customer.address.postcode.0|customer.address.postcode.1|customer.address.postcode.2|customer.address.postcode.3|customer.address.postcode.4|customer.address.postcode|customer.address.address1|FieldNameAlt: Adresse des travaux|customer.address.address2|FieldNameAlt: Complpment d&#8217;adresse|customer.address.city|customer.address|customer.email.name|FieldNameAlt: Courriel|customer.email.host|FieldNameAlt: undefined|customer.phone.0|customer.phone.1|customer.phone.2|customer.phone.3|customer.phone.4|customer.phone.5|customer.phone.6|customer.phone.7|customer.phone.8|customer.phone.9|customer.mobile.0|customer.mobile.1|customer.mobile.2|customer.mobile.3|customer.mobile.4|customer.mobile.5|customer.mobile.6|customer.mobile.7|customer.mobile.8|customer.mobile.9|customer.lastname|FieldNameAlt: Nom du signataire|customer.firstname|FieldNameAlt: Prpnom du signataire|today.ddmmyyyy.6|today.ddmmyyyy.7|today.ddmmyyyy.0|today.ddmmyyyy.9|today.ddmmyyyy.8|today.ddmmyyyy.1|today.ddmmyyyy.4|today.ddmmyyyy.3|today.ddmmyyyy|today|company.lastname|FieldNameAlt: Nom du signataire|company.firstname|FieldNameAlt: Prpnom du signataire|company.function|FieldNameAlt: Fonction du signataire|company.name|FieldNameAlt: Raison sociale|company.siret|company.address1|FieldNameAlt: Adresse|company.city|FieldNameAlt: Ville|company.email|FieldNameAlt: Courriel|company.postcode|company.phone|company.mobile|contract.opc_at.ddmmyyyy|contract.opened_at.ddmmyyyy|FieldNameAlt: Date d&#8217;engagement de l&#8217;oppration (ex : date d&#8217;acceptation du devis|contract.request.surface_floor|contract.request.more_2_years|contract.request.energy.electricity|contract.request.energy|contract.layer.name|FieldNameAlt: Adresse des travaux|contract.layer.contacts.0.firstname|FieldNameAlt: Prpnom|contract.layer.contacts.0.lastname|FieldNameAlt: Raison sociale|contract.layer.contacts|contract.layer.siret.0|contract.layer.siret.1|contract.layer.siret.2|contract.layer.siret.3|contract.layer.siret.4|contract.layer.siret.5|contract.layer.siret.6|contract.layer.siret.7|contract.layer.siret.8|contract.layer.siret.9|contract.layer.siret.10|contract.layer.siret.11|contract.layer.siret.12|contract.layer.siret.13|contract.layer.exists|contract|Pays|FieldNameAlt: Pays|Check Box1|quotation.products.floor.items.0.item.input3|FieldNameAlt: Rpsistance thermique : R (m&#178;.K/W|quotation.products.floor.items.0|quotation.products.floor.items|quotation.products.floor|quotation.products|quotation</variables><lang>fr</lang><content></content><created_at>2018-06-21 13:16:48</created_at><updated_at>2018-06-21 13:16:49</updated_at></i18n></model><model><id>370</id><name>101 102 modeste</name><extension>pdf</extension><created_at>2018-06-21 13:17:58</created_at><updated_at>2018-06-21 13:17:58</updated_at><i18n><id>270</id><value>101 102 modeste</value><comments></comments><file>model.pdf</file><initiator_signature>156,207,439,287|4</initiator_signature><signature>155,79,437,160|3;158,279,441,360|6</signature><variables>contract.opened_at.ddmmyyyy|FieldNameAlt: Date d&#8217;engagement de l&#8217;oppration (ex : date d&#8217;acceptation du devis|contract.opened_at|contract.opc_at.ddmmyyyy|contract.opc_at|contract.pre_meeting_at.ddmmyyyy|contract.request.energy.electricity|contract.request.energy|contract.request.more_2_years|contract.request.layer_type.crawling|contract.request.layer_type|contract.request.surface_wall|contract.request.extra.modest.numberofpeople|FieldNameAlt: Nombre de personnes|contract.request.extra.modest.nombre_foyers_fiscaux|FieldNameAlt: Nombre de foyers fiscaux|contract.request.extra.modest.noms_prenoms_declarants|FieldNameAlt: Nom (s) et prpnom (s) du/des premier (s) dpclarant (s) des autres foyers fiscaux|contract.request.extra.verymodest.numberofpeople|FieldNameAlt: Nombre de personnes|contract.request.extra.verymodest.nombre_foyers_fiscaux|FieldNameAlt: Nom (s) et prpnom (s) du/des premier (s) dpclarant (s) des autres foyers fiscaux|contract.request.extra.verymodest.noms_prenoms_declarants|FieldNameAlt: Nombre de foyers fiscaux|contract.request.extra|contract.request.surface_top|contract.layer.contacts.0.firstname|FieldNameAlt: Prpnom|contract.layer.contacts.0.lastname|FieldNameAlt: Raison sociale|contract.layer.contacts.0|contract.layer.contacts|contract.layer.siret.0|contract.layer.siret.1|contract.layer.siret.2|contract.layer.siret.3|contract.layer.siret.4|contract.layer.siret.5|contract.layer.siret.6|contract.layer.siret.7|contract.layer.siret.8|contract.layer.siret.9|contract.layer.siret.10|contract.layer.siret.11|contract.layer.siret.12|contract.layer.siret.13|contract.layer.siret|contract.layer.name|FieldNameAlt: Adresse des travaux|contract.layer.exists|contract.layer|contract|customer.address.postcode.0|customer.address.postcode.1|customer.address.postcode.2|customer.address.postcode.3|customer.address.postcode.4|customer.address.postcode|customer.address.address1|FieldNameAlt: Adresse des travaux|customer.address.address2|FieldNameAlt: Complpment d&#8217;adresse|customer.address.city|FieldNameAlt: Ville|customer.address|customer.email.name|FieldNameAlt: Courriel|customer.email.host|FieldNameAlt: undefined|customer.email|customer.phone.0|customer.phone.1|customer.phone.2|customer.phone.3|customer.phone.4|customer.phone.5|customer.phone.6|customer.phone.7|customer.phone.8|customer.phone.9|customer.phone|customer.mobile.0|customer.mobile.1|customer.mobile.2|customer.mobile.3|customer.mobile.4|customer.mobile.5|customer.mobile.6|customer.mobile.7|customer.mobile.8|customer.mobile.9|customer.mobile|customer.lastname|FieldNameAlt: Nom du signataire|customer.firstname|FieldNameAlt: Prpnom du signataire|customer|quotation.products.top.items.0.item.input3|FieldNameAlt: Rpsistance thermique : R (m&#178;.K/W|quotation.products.top.items.0|quotation.products.top.items|quotation.products.top|quotation.products.wall.items.0.item.input3|FieldNameAlt: Rpsistance thermique : R (m&#178;.K/W|quotation.products.wall.items.0|quotation.products.wall.items|quotation.products.wall|quotation.products|quotation|today.ddmmyyyy.6|today.ddmmyyyy.7|today.ddmmyyyy.0|today.ddmmyyyy.9|today.ddmmyyyy.8|today.ddmmyyyy.1|today.ddmmyyyy.4|today.ddmmyyyy.3|today.ddmmyyyy|today|company.lastname|FieldNameAlt: Nom du signataire|company.firstname|FieldNameAlt: Prpnom du signataire|company.function|FieldNameAlt: Fonction du signataire|company.name|FieldNameAlt: Raison sociale|company.siret|company.address1|FieldNameAlt: Adresse|company.city|FieldNameAlt: Ville|company.email|FieldNameAlt: Courriel|company.postcode|company.phone|company.mobile|Pays_2|FieldNameAlt: Pays|Pays|FieldNameAlt: Pays|Check Box1|calculation.class.value|calculation.class|calculation</variables><lang>fr</lang><content></content><created_at>2018-06-21 13:17:58</created_at><updated_at>2018-11-07 15:58:25</updated_at></i18n></model><model><id>371</id><name>101 102 classic1</name><extension>pdf</extension><created_at>2018-06-21 13:18:26</created_at><updated_at>2018-06-21 13:18:26</updated_at><i18n><id>271</id><value>101 102 classic1</value><comments></comments><file>model.pdf</file><initiator_signature>154,201,432,283|4</initiator_signature><signature>153,80,432,161|3</signature><variables>customer.address.postcode.0|customer.address.postcode.1|customer.address.postcode.2|customer.address.postcode.3|customer.address.postcode.4|customer.address.postcode|customer.address.address1|FieldNameAlt: Adresse des travaux|customer.address.address2|FieldNameAlt: Complpment d&#8217;adresse|customer.address.city|FieldNameAlt: Ville|customer.address|customer.email.name|FieldNameAlt: Courriel|customer.email.host|FieldNameAlt: undefined|customer.phone.0|customer.phone.1|customer.phone.2|customer.phone.3|customer.phone.4|customer.phone.5|customer.phone.6|customer.phone.7|customer.phone.8|customer.phone.9|customer.mobile.0|customer.mobile.1|customer.mobile.2|customer.mobile.3|customer.mobile.4|customer.mobile.5|customer.mobile.6|customer.mobile.7|customer.mobile.8|customer.mobile.9|customer.lastname|FieldNameAlt: Nom du signataire|customer.firstname|FieldNameAlt: Prpnom du signataire|today.ddmmyyyy.6|today.ddmmyyyy.7|today.ddmmyyyy.0|today.ddmmyyyy.9|today.ddmmyyyy.8|today.ddmmyyyy.1|today.ddmmyyyy.4|today.ddmmyyyy.3|today.ddmmyyyy|today|company.lastname|FieldNameAlt: Nom du signataire|company.firstname|FieldNameAlt: Prpnom du signataire|company.function|FieldNameAlt: Fonction du signataire|company.name|FieldNameAlt: Raison sociale|company.siret|company.address1|FieldNameAlt: Adresse|company.city|FieldNameAlt: Ville|company.email|FieldNameAlt: Courriel|company.postcode|company.phone|company.mobile|contract.opened_at.ddmmyyyy|FieldNameAlt: Date d&#8217;engagement de l&#8217;oppration (ex : date d&#8217;acceptation du devis|contract.opened_at|contract.opc_at.ddmmyyyy|contract.opc_at|contract.pre_meeting_at.ddmmyyyy|contract.request.energy.electricity|contract.request.energy|contract.request.more_2_years|contract.request.layer_type.crawling|contract.request.layer_type|contract.request.surface_wall|contract.request.surface_top|contract.layer.contacts.0.firstname|FieldNameAlt: Prpnom|contract.layer.contacts.0.lastname|FieldNameAlt: Raison sociale|contract.layer.contacts.0|contract.layer.contacts|contract.layer.siret.0|contract.layer.siret.1|contract.layer.siret.2|contract.layer.siret.3|contract.layer.siret.4|contract.layer.siret.5|contract.layer.siret.6|contract.layer.siret.7|contract.layer.siret.8|contract.layer.siret.9|contract.layer.siret.10|contract.layer.siret.11|contract.layer.siret.12|contract.layer.siret.13|contract.layer.siret|contract.layer.name|FieldNameAlt: Adresse des travaux|contract.layer.exists|contract.layer|contract|quotation.products.top.items.0.item.input3|FieldNameAlt: Rpsistance thermique : R (m&#178;.K/W|quotation.products.top.items.0|quotation.products.top.items|quotation.products.top|quotation.products.wall.items.0.item.input3|FieldNameAlt: Rpsistance thermique : R (m&#178;.K/W|quotation.products.wall.items.0|quotation.products.wall.items|quotation.products.wall|quotation.products|quotation|Pays|FieldNameAlt: Pays|Check Box1</variables><lang>fr</lang><content></content><created_at>2018-06-21 13:18:26</created_at><updated_at>2018-11-07 15:58:35</updated_at></i18n></model><model><id>372</id><name>101 103 modeste</name><extension>pdf</extension><created_at>2018-06-21 13:19:07</created_at><updated_at>2018-06-21 13:19:07</updated_at><i18n><id>272</id><value>101 103 modeste</value><comments></comments><file>model.pdf</file><initiator_signature>159,202,443,283|4</initiator_signature><signature>157,78,441,159|3;153,284,436,364|6</signature><variables>contract.opened_at.ddmmyyyy|FieldNameAlt: Date d&#8217;engagement de l&#8217;oppration (ex : date d&#8217;acceptation du devis|contract.opened_at|contract.opc_at.ddmmyyyy|contract.opc_at|contract.pre_meeting_at.ddmmyyyy|contract.request.energy.electricity|contract.request.energy|contract.request.more_2_years|contract.request.layer_type.crawling|contract.request.layer_type|contract.request.surface_floor|contract.request.extra.modest.numberofpeople|FieldNameAlt: Nombre de personnes|contract.request.extra.modest.nombre_foyers_fiscaux|FieldNameAlt: Nombre de foyers fiscaux|contract.request.extra.modest.noms_prenoms_declarants|FieldNameAlt: Nom (s) et prpnom (s) du/des premier (s) dpclarant (s) des autres foyers fiscaux|contract.request.extra.verymodest.numberofpeople|FieldNameAlt: Nombre de personnes|contract.request.extra.verymodest.nombre_foyers_fiscaux|FieldNameAlt: Nom (s) et prpnom (s) du/des premier (s) dpclarant (s) des autres foyers fiscaux|contract.request.extra.verymodest.noms_prenoms_declarants|FieldNameAlt: Nombre de foyers fiscaux|contract.request.extra|contract.request.surface_top|contract.layer.contacts.0.firstname|FieldNameAlt: Prpnom|contract.layer.contacts.0.lastname|FieldNameAlt: Raison sociale|contract.layer.contacts.0|contract.layer.contacts|contract.layer.siret.0|contract.layer.siret.1|contract.layer.siret.2|contract.layer.siret.3|contract.layer.siret.4|contract.layer.siret.5|contract.layer.siret.6|contract.layer.siret.7|contract.layer.siret.8|contract.layer.siret.9|contract.layer.siret.10|contract.layer.siret.11|contract.layer.siret.12|contract.layer.siret.13|contract.layer.siret|contract.layer.name|FieldNameAlt: Adresse des travaux|contract.layer.exists|contract.layer|contract|customer.address.postcode.0|customer.address.postcode.1|customer.address.postcode.2|customer.address.postcode.3|customer.address.postcode.4|customer.address.postcode|customer.address.address1|FieldNameAlt: Adresse des travaux|customer.address.address2|FieldNameAlt: Complpment d&#8217;adresse|customer.address.city|FieldNameAlt: Ville|customer.address|customer.email.name|FieldNameAlt: Courriel|customer.email.host|FieldNameAlt: undefined|customer.email|customer.phone.0|customer.phone.1|customer.phone.2|customer.phone.3|customer.phone.4|customer.phone.5|customer.phone.6|customer.phone.7|customer.phone.8|customer.phone.9|customer.phone|customer.mobile.0|customer.mobile.1|customer.mobile.2|customer.mobile.3|customer.mobile.4|customer.mobile.5|customer.mobile.6|customer.mobile.7|customer.mobile.8|customer.mobile.9|customer.mobile|customer.lastname|FieldNameAlt: Nom du signataire|customer.firstname|FieldNameAlt: Prpnom du signataire|customer|quotation.products.top.items.0.item.input3|FieldNameAlt: Rpsistance thermique : R (m&#178;.K/W|quotation.products.top.items.0|quotation.products.top.items|quotation.products.top|quotation.products.floor.items.0.item.input3|FieldNameAlt: Rpsistance thermique : R (m&#178;.K/W|quotation.products.floor.items.0|quotation.products.floor.items|quotation.products.floor|quotation.products|quotation|today.ddmmyyyy.6|today.ddmmyyyy.7|today.ddmmyyyy.0|today.ddmmyyyy.9|today.ddmmyyyy.8|today.ddmmyyyy.1|today.ddmmyyyy.4|today.ddmmyyyy.3|today.ddmmyyyy|today|company.lastname|FieldNameAlt: Nom du signataire|company.firstname|FieldNameAlt: Prpnom du signataire|company.function|FieldNameAlt: Fonction du signataire|company.name|FieldNameAlt: Raison sociale|company.siret|company.address1|FieldNameAlt: Adresse|company.city|FieldNameAlt: Ville|company.email|FieldNameAlt: Courriel|company.postcode|company.phone|company.mobile|Pays_2|FieldNameAlt: Pays|Pays|FieldNameAlt: Pays|Check Box1|calculation.class.value|calculation.class|calculation</variables><lang>fr</lang><content></content><created_at>2018-06-21 13:19:07</created_at><updated_at>2018-11-07 15:58:46</updated_at></i18n></model><model><id>373</id><name>101 103 classic1</name><extension>pdf</extension><created_at>2018-06-21 13:19:37</created_at><updated_at>2018-06-21 13:19:37</updated_at><i18n><id>273</id><value>101 103 classic1</value><comments></comments><file>model.pdf</file><initiator_signature>166,199,426,280|4</initiator_signature><signature>173,79,433,160|3</signature><variables>customer.address.postcode.0|customer.address.postcode.1|customer.address.postcode.2|customer.address.postcode.3|customer.address.postcode.4|customer.address.postcode|customer.address.address1|FieldNameAlt: Adresse des travaux|customer.address.address2|FieldNameAlt: Complpment d&#8217;adresse|customer.address.city|FieldNameAlt: Ville|customer.address|customer.email.name|FieldNameAlt: Courriel|customer.email.host|FieldNameAlt: undefined|customer.phone.0|customer.phone.1|customer.phone.2|customer.phone.3|customer.phone.4|customer.phone.5|customer.phone.6|customer.phone.7|customer.phone.8|customer.phone.9|customer.mobile.0|customer.mobile.1|customer.mobile.2|customer.mobile.3|customer.mobile.4|customer.mobile.5|customer.mobile.6|customer.mobile.7|customer.mobile.8|customer.mobile.9|customer.lastname|FieldNameAlt: Nom du signataire|customer.firstname|FieldNameAlt: Prpnom du signataire|today.ddmmyyyy.6|today.ddmmyyyy.7|today.ddmmyyyy.0|today.ddmmyyyy.9|today.ddmmyyyy.8|today.ddmmyyyy.1|today.ddmmyyyy.4|today.ddmmyyyy.3|today.ddmmyyyy|today|company.lastname|FieldNameAlt: Nom du signataire|company.firstname|FieldNameAlt: Prpnom du signataire|company.function|FieldNameAlt: Fonction du signataire|company.name|FieldNameAlt: Raison sociale|company.siret|company.address1|FieldNameAlt: Adresse|company.city|FieldNameAlt: Ville|company.email|FieldNameAlt: Courriel|company.postcode|company.phone|company.mobile|contract.opened_at.ddmmyyyy|FieldNameAlt: Date d&#8217;engagement de l&#8217;oppration (ex : date d&#8217;acceptation du devis|contract.opened_at|contract.opc_at.ddmmyyyy|contract.opc_at|contract.pre_meeting_at.ddmmyyyy|contract.request.energy.electricity|contract.request.energy|contract.request.more_2_years|contract.request.layer_type.crawling|contract.request.layer_type|contract.request.surface_floor|contract.request.surface_top|contract.layer.contacts.0.firstname|FieldNameAlt: Prpnom|contract.layer.contacts.0.lastname|FieldNameAlt: Raison sociale|contract.layer.contacts.0|contract.layer.contacts|contract.layer.siret.0|contract.layer.siret.1|contract.layer.siret.2|contract.layer.siret.3|contract.layer.siret.4|contract.layer.siret.5|contract.layer.siret.6|contract.layer.siret.7|contract.layer.siret.8|contract.layer.siret.9|contract.layer.siret.10|contract.layer.siret.11|contract.layer.siret.12|contract.layer.siret.13|contract.layer.siret|contract.layer.name|FieldNameAlt: Adresse des travaux|contract.layer.exists|contract.layer|contract|quotation.products.top.items.0.item.input3|FieldNameAlt: Rpsistance thermique : R (m&#178;.K/W|quotation.products.top.items.0|quotation.products.top.items|quotation.products.top|quotation.products.floor.items.0.item.input3|FieldNameAlt: Rpsistance thermique : R (m&#178;.K/W|quotation.products.floor.items.0|quotation.products.floor.items|quotation.products.floor|quotation.products|quotation|Pays|FieldNameAlt: Pays|Check Box1</variables><lang>fr</lang><content></content><created_at>2018-06-21 13:19:37</created_at><updated_at>2018-11-07 15:58:54</updated_at></i18n></model><model><id>374</id><name>102 103 modeste</name><extension>pdf</extension><created_at>2018-06-21 13:20:09</created_at><updated_at>2018-06-21 13:20:09</updated_at><i18n><id>274</id><value>102 103 modeste</value><comments></comments><file>model.pdf</file><initiator_signature>151,203,443,286|4</initiator_signature><signature>151,76,443,160|3;151,280,443,363|6</signature><variables>contract.opened_at.ddmmyyyy|FieldNameAlt: Date d&#8217;engagement de l&#8217;oppration (ex : date d&#8217;acceptation du devis|contract.opened_at|contract.opc_at.ddmmyyyy|contract.opc_at|contract.request.surface_wall|contract.request.more_2_years|contract.request.energy.electricity|contract.request.energy|contract.request.surface_floor|contract.request.extra.modest.numberofpeople|FieldNameAlt: Nombre de personnes|contract.request.extra.modest.nombre_foyers_fiscaux|FieldNameAlt: Nombre de foyers fiscaux|contract.request.extra.modest.noms_prenoms_declarants|FieldNameAlt: Nom (s) et prpnom (s) du/des premier (s) dpclarant (s) des autres foyers fiscaux|contract.request.extra.verymodest.numberofpeople|FieldNameAlt: Nombre de personnes|contract.request.extra.verymodest.nombre_foyers_fiscaux|FieldNameAlt: Nom (s) et prpnom (s) du/des premier (s) dpclarant (s) des autres foyers fiscaux|contract.request.extra.verymodest.noms_prenoms_declarants|FieldNameAlt: Nombre de foyers fiscaux|contract.request.extra|contract.layer.contacts.0.firstname|contract.layer.contacts.0.lastname|contract.layer.contacts.0|contract.layer.contacts|contract.layer.siret.0|contract.layer.siret.1|contract.layer.siret.2|contract.layer.siret.3|contract.layer.siret.4|contract.layer.siret.5|contract.layer.siret.6|contract.layer.siret.7|contract.layer.siret.8|contract.layer.siret.9|contract.layer.siret.10|contract.layer.siret.11|contract.layer.siret.12|contract.layer.siret.13|contract.layer.siret|contract.layer.name|contract.layer.exists|contract.layer|contract|customer.address.postcode.0|customer.address.postcode.1|customer.address.postcode.2|customer.address.postcode.3|customer.address.postcode.4|customer.address.postcode|customer.address.address1|FieldNameAlt: Adresse des travaux|customer.address.address2|FieldNameAlt: Complpment d&#8217;adresse|customer.address.city|customer.address|customer.email.name|FieldNameAlt: Courriel|customer.email.host|FieldNameAlt: undefined|customer.email|customer.phone.0|customer.phone.1|customer.phone.2|customer.phone.3|customer.phone.4|customer.phone.5|customer.phone.6|customer.phone.7|customer.phone.8|customer.phone.9|customer.phone|customer.mobile.0|customer.mobile.1|customer.mobile.2|customer.mobile.3|customer.mobile.4|customer.mobile.5|customer.mobile.6|customer.mobile.7|customer.mobile.8|customer.mobile.9|customer.mobile|customer.lastname|FieldNameAlt: Nom du signataire|customer.firstname|FieldNameAlt: Prpnom du signataire|customer|quotation.products.wall.items.0.item.input3|FieldNameAlt: Rpsistance thermique : R (m&#178;.K/W|quotation.products.wall.items.0|quotation.products.wall.items|quotation.products.wall|quotation.products.floor.items.0.item.input3|FieldNameAlt: Rpsistance thermique : R (m&#178;.K/W|quotation.products.floor.items.0|quotation.products.floor.items|quotation.products.floor|quotation.products|quotation|today.ddmmyyyy.6|today.ddmmyyyy.7|today.ddmmyyyy.0|today.ddmmyyyy.9|today.ddmmyyyy.8|today.ddmmyyyy.1|today.ddmmyyyy.4|today.ddmmyyyy.3|today.ddmmyyyy|today|company.lastname|FieldNameAlt: Nom du signataire|company.firstname|FieldNameAlt: Prpnom du signataire|company.function|FieldNameAlt: Fonction du signataire|company.name|FieldNameAlt: Raison sociale|company.siret|company.address1|FieldNameAlt: Adresse|company.city|FieldNameAlt: Ville|company.email|FieldNameAlt: Courriel|company.postcode|company.phone|company.mobile|Pays_2|FieldNameAlt: Pays|Pays|FieldNameAlt: Pays|Check Box1|calculation.class.value|calculation.class|calculation</variables><lang>fr</lang><content></content><created_at>2018-06-21 13:20:09</created_at><updated_at>2018-06-21 13:20:10</updated_at></i18n></model><model><id>375</id><name>102 103 classic1</name><extension>pdf</extension><created_at>2018-06-21 13:20:38</created_at><updated_at>2018-06-21 13:20:38</updated_at><i18n><id>275</id><value>102 103 classic1</value><comments></comments><file>model.pdf</file><initiator_signature>155,198,445,280|4</initiator_signature><signature>152,75,442,157|3</signature><variables>customer.address.postcode.0|customer.address.postcode.1|customer.address.postcode.2|customer.address.postcode.3|customer.address.postcode.4|customer.address.postcode|customer.address.address1|FieldNameAlt: Adresse des travaux|customer.address.address2|FieldNameAlt: Complpment d&#8217;adresse|customer.address.city|customer.address|customer.email.name|FieldNameAlt: Courriel|customer.email.host|FieldNameAlt: undefined|customer.phone.0|customer.phone.1|customer.phone.2|customer.phone.3|customer.phone.4|customer.phone.5|customer.phone.6|customer.phone.7|customer.phone.8|customer.phone.9|customer.mobile.0|customer.mobile.1|customer.mobile.2|customer.mobile.3|customer.mobile.4|customer.mobile.5|customer.mobile.6|customer.mobile.7|customer.mobile.8|customer.mobile.9|customer.lastname|FieldNameAlt: Nom du signataire|customer.firstname|FieldNameAlt: Prpnom du signataire|today.ddmmyyyy.6|today.ddmmyyyy.7|today.ddmmyyyy.0|today.ddmmyyyy.9|today.ddmmyyyy.8|today.ddmmyyyy.1|today.ddmmyyyy.4|today.ddmmyyyy.3|today.ddmmyyyy|today|company.lastname|FieldNameAlt: Nom du signataire|company.firstname|FieldNameAlt: Prpnom du signataire|company.function|FieldNameAlt: Fonction du signataire|company.name|FieldNameAlt: Raison sociale|company.siret|company.address1|FieldNameAlt: Adresse|company.city|FieldNameAlt: Ville|company.email|FieldNameAlt: Courriel|company.postcode|company.phone|company.mobile|contract.opened_at.ddmmyyyy|contract.opened_at|contract.opc_at.ddmmyyyy|contract.opc_at|contract.request.more_2_years|contract.request.energy.electricity|contract.request.energy|contract.request.surface_wall|contract.request.surface_floor|contract.layer.contacts.0.firstname|contract.layer.contacts.0.lastname|contract.layer.contacts.0|contract.layer.contacts|contract.layer.siret.0|contract.layer.siret.1|contract.layer.siret.2|contract.layer.siret.3|contract.layer.siret.4|contract.layer.siret.5|contract.layer.siret.6|contract.layer.siret.7|contract.layer.siret.8|contract.layer.siret.9|contract.layer.siret.10|contract.layer.siret.11|contract.layer.siret.12|contract.layer.siret.13|contract.layer.siret|contract.layer.name|contract.layer.exists|contract.layer|contract|quotation.products.wall.items.0.item.input3|FieldNameAlt: Rpsistance thermique : R (m&#178;.K/W|quotation.products.wall.items.0|quotation.products.wall.items|quotation.products.wall|quotation.products.floor.items.0.item.input3|FieldNameAlt: Rpsistance thermique : R (m&#178;.K/W|quotation.products.floor.items.0|quotation.products.floor.items|quotation.products.floor|quotation.products|quotation|Pays|FieldNameAlt: Pays|Check Box1</variables><lang>fr</lang><content></content><created_at>2018-06-21 13:20:38</created_at><updated_at>2018-06-21 13:20:38</updated_at></i18n></model><model><id>376</id><name>101 102 103 modeste</name><extension>pdf</extension><created_at>2018-06-21 13:21:08</created_at><updated_at>2018-06-21 13:21:08</updated_at><i18n><id>276</id><value>101 102 103 modeste</value><comments></comments><file>model.pdf</file><initiator_signature>165,199,434,282|5</initiator_signature><signature>165,80,434,152|4;163,285,432,368|7</signature><variables>contract.opened_at.ddmmyyyy|FieldNameAlt: Date d&#8217;engagement de l&#8217;oppration (ex : date d&#8217;acceptation du devis|contract.opened_at|contract.opc_at.ddmmyyyy|contract.opc_at|contract.pre_meeting_at.ddmmyyyy|contract.request.more_2_years|contract.request.energy.electricity|contract.request.energy|contract.request.layer_type.crawling|contract.request.layer_type|contract.request.surface_wall|contract.request.surface_floor|contract.request.extra.modest.numberofpeople|FieldNameAlt: Nombre de personnes|contract.request.extra.modest.nombre_foyers_fiscaux|FieldNameAlt: Nombre de foyers fiscaux|contract.request.extra.modest.noms_prenoms_declarants|FieldNameAlt: Nom (s) et prpnom (s) du/des premier (s) dpclarant (s) des autres foyers fiscaux|contract.request.extra.verymodest.numberofpeople|FieldNameAlt: Nombre de personnes|contract.request.extra.verymodest.nombre_foyers_fiscaux|FieldNameAlt: Nom (s) et prpnom (s) du/des premier (s) dpclarant (s) des autres foyers fiscaux|contract.request.extra.verymodest.noms_prenoms_declarants|FieldNameAlt: Nombre de foyers fiscaux|contract.request.extra|contract.request.surface_top|contract.layer.contacts.0.firstname|FieldNameAlt: Prpnom|contract.layer.contacts.0.lastname|FieldNameAlt: Raison sociale|contract.layer.contacts.0|contract.layer.contacts|contract.layer.siret.0|contract.layer.siret.1|contract.layer.siret.2|contract.layer.siret.3|contract.layer.siret.4|contract.layer.siret.5|contract.layer.siret.6|contract.layer.siret.7|contract.layer.siret.8|contract.layer.siret.9|contract.layer.siret.10|contract.layer.siret.11|contract.layer.siret.12|contract.layer.siret.13|contract.layer.siret|contract.layer.name|FieldNameAlt: Adresse des travaux|contract.layer.exists|contract.layer|contract|customer.address.postcode.0|customer.address.postcode.1|customer.address.postcode.2|customer.address.postcode.3|customer.address.postcode.4|customer.address.postcode|customer.address.address1|FieldNameAlt: Adresse des travaux|customer.address.address2|FieldNameAlt: Complpment d&#8217;adresse|customer.address.city|FieldNameAlt: Ville|customer.address|customer.email.name|FieldNameAlt: Courriel|customer.email.host|FieldNameAlt: undefined|customer.email|customer.phone.0|customer.phone.1|customer.phone.2|customer.phone.3|customer.phone.4|customer.phone.5|customer.phone.6|customer.phone.7|customer.phone.8|customer.phone.9|customer.phone|customer.mobile.0|customer.mobile.1|customer.mobile.2|customer.mobile.3|customer.mobile.4|customer.mobile.5|customer.mobile.6|customer.mobile.7|customer.mobile.8|customer.mobile.9|customer.mobile|customer.lastname|FieldNameAlt: Nom du signataire|customer.firstname|FieldNameAlt: Prpnom du signataire|customer|quotation.products.top.items.0.item.input3|FieldNameAlt: Rpsistance thermique : R (m&#178;.K/W|quotation.products.top.items.0|quotation.products.top.items|quotation.products.top|quotation.products.wall.items.0.item.input3|FieldNameAlt: Rpsistance thermique : R (m&#178;.K/W|quotation.products.wall.items.0|quotation.products.wall.items|quotation.products.wall|quotation.products.floor.items.0.item.input3|FieldNameAlt: Rpsistance thermique : R (m&#178;.K/W|quotation.products.floor.items.0|quotation.products.floor.items|quotation.products.floor|quotation.products|quotation|today.ddmmyyyy.6|today.ddmmyyyy.7|today.ddmmyyyy.0|today.ddmmyyyy.9|today.ddmmyyyy.8|today.ddmmyyyy.1|today.ddmmyyyy.4|today.ddmmyyyy.3|today.ddmmyyyy|today|company.lastname|FieldNameAlt: Nom du signataire|company.firstname|FieldNameAlt: Prpnom du signataire|company.function|FieldNameAlt: Fonction du signataire|company.name|FieldNameAlt: Raison sociale|company.siret|company.address1|FieldNameAlt: Adresse|company.city|FieldNameAlt: Ville|company.email|FieldNameAlt: Courriel|company.postcode|company.phone|company.mobile|Pays_2|FieldNameAlt: Pays|Pays|FieldNameAlt: Pays|Check Box1|calculation.class.value|calculation.class|calculation</variables><lang>fr</lang><content></content><created_at>2018-06-21 13:21:08</created_at><updated_at>2018-11-07 15:59:08</updated_at></i18n></model><model><id>377</id><name>101 102 103 classic1</name><extension>pdf</extension><created_at>2018-06-21 13:21:33</created_at><updated_at>2018-06-21 13:21:33</updated_at><i18n><id>277</id><value>101 102 103 classic1</value><comments></comments><file>model.pdf</file><initiator_signature>161,198,443,282|5</initiator_signature><signature>156,74,438,158|4</signature><variables>customer.address.postcode.0|customer.address.postcode.1|customer.address.postcode.2|customer.address.postcode.3|customer.address.postcode.4|customer.address.postcode|customer.address.address1|FieldNameAlt: Adresse des travaux|customer.address.address2|FieldNameAlt: Complpment d&#8217;adresse|customer.address.city|FieldNameAlt: Ville|customer.address|customer.email.name|FieldNameAlt: Courriel|customer.email.host|FieldNameAlt: undefined|customer.phone.0|customer.phone.1|customer.phone.2|customer.phone.3|customer.phone.4|customer.phone.5|customer.phone.6|customer.phone.7|customer.phone.8|customer.phone.9|customer.mobile.0|customer.mobile.1|customer.mobile.2|customer.mobile.3|customer.mobile.4|customer.mobile.5|customer.mobile.6|customer.mobile.7|customer.mobile.8|customer.mobile.9|customer.lastname|FieldNameAlt: Nom du signataire|customer.firstname|FieldNameAlt: Prpnom du signataire|today.ddmmyyyy.6|today.ddmmyyyy.7|today.ddmmyyyy.0|today.ddmmyyyy.9|today.ddmmyyyy.8|today.ddmmyyyy.1|today.ddmmyyyy.4|today.ddmmyyyy.3|today.ddmmyyyy|today|company.lastname|FieldNameAlt: Nom du signataire|company.firstname|FieldNameAlt: Prpnom du signataire|company.function|FieldNameAlt: Fonction du signataire|company.name|FieldNameAlt: Raison sociale|company.siret|company.address1|FieldNameAlt: Adresse|company.city|FieldNameAlt: Ville|company.email|FieldNameAlt: Courriel|company.postcode|company.phone|company.mobile|contract.opened_at.ddmmyyyy|FieldNameAlt: Date d&#8217;engagement de l&#8217;oppration (ex : date d&#8217;acceptation du devis|contract.opened_at|contract.opc_at.ddmmyyyy|contract.opc_at|contract.pre_meeting_at.ddmmyyyy|contract.request.more_2_years|contract.request.energy.electricity|contract.request.energy|contract.request.layer_type.crawling|contract.request.layer_type|contract.request.surface_wall|contract.request.surface_floor|contract.request.surface_top|contract.layer.contacts.0.firstname|FieldNameAlt: Prpnom|contract.layer.contacts.0.lastname|FieldNameAlt: Raison sociale|contract.layer.contacts.0|contract.layer.contacts|contract.layer.siret.0|contract.layer.siret.1|contract.layer.siret.2|contract.layer.siret.3|contract.layer.siret.4|contract.layer.siret.5|contract.layer.siret.6|contract.layer.siret.7|contract.layer.siret.8|contract.layer.siret.9|contract.layer.siret.10|contract.layer.siret.11|contract.layer.siret.12|contract.layer.siret.13|contract.layer.siret|contract.layer.name|FieldNameAlt: Adresse des travaux|contract.layer.exists|contract.layer|contract|quotation.products.top.items.0.item.input3|FieldNameAlt: Rpsistance thermique : R (m&#178;.K/W|quotation.products.top.items.0|quotation.products.top.items|quotation.products.top|quotation.products.wall.items.0.item.input3|FieldNameAlt: Rpsistance thermique : R (m&#178;.K/W|quotation.products.wall.items.0|quotation.products.wall.items|quotation.products.wall|quotation.products.floor.items.0.item.input3|FieldNameAlt: Rpsistance thermique : R (m&#178;.K/W|quotation.products.floor.items.0|quotation.products.floor.items|quotation.products.floor|quotation.products|quotation|Pays|FieldNameAlt: Pays|Check Box1</variables><lang>fr</lang><content></content><created_at>2018-06-21 13:21:33</created_at><updated_at>2018-11-07 15:59:18</updated_at></i18n></model><model><id>422</id><name>erreur1</name><extension>pdf</extension><created_at>2018-11-11 12:43:56</created_at><updated_at>2018-11-11 12:43:56</updated_at><i18n><id>322</id><value>erreur1</value><comments></comments><file>model.pdf</file><initiator_signature></initiator_signature><signature></signature><variables></variables><lang>fr</lang><content></content><created_at>2018-11-11 12:43:56</created_at><updated_at>2018-11-11 12:43:56</updated_at></i18n></model></models>