<?xml version="1.0" encoding="UTF-8" ?><polluter><id>35</id><name>1DIRECT ENERGIE 2018 1 euro</name><ape></ape><siret>442395448</siret><tva></tva><logo>1DIRECTENERGIE20181euro.png</logo><coordinates></coordinates><email></email><web></web><mobile></mobile><phone>0970806969</phone><fax></fax><address1>2 bis rue Louis Armand</address1><address2></address2><postcode>75015</postcode><city>PARIS</city><country>fr</country><state></state><is_active>YES</is_active><status>ACTIVE</status><is_default>NO</is_default><commercial>DIRECT ENERGIE</commercial><comments></comments><signature></signature><footer></footer><created_at>2018-06-19 07:48:59</created_at><updated_at>2018-06-20 07:21:30</updated_at><contacts><id>35</id><sex>Ms</sex><firstname>DIRECT ENERGIE</firstname><lastname>DIRECT  ENERGIE </lastname><email></email><phone></phone><mobile></mobile><fax></fax><function></function><created_at>2018-06-19 07:48:59</created_at><updated_at>2018-06-19 07:48:59</updated_at></contacts><recipient><id>3</id><name>VERTIGO</name><ape></ape><siret></siret><tva></tva><logo>VERTIGO.png</logo><coordinates></coordinates><email></email><web></web><mobile></mobile><phone></phone><fax></fax><address1></address1><address2></address2><postcode></postcode><city></city><country>fr</country><state></state><is_active>YES</is_active><status>ACTIVE</status><is_default>NO</is_default><commercial></commercial><signature></signature><footer></footer><created_at>2018-05-04 13:38:26</created_at><updated_at>2018-05-04 13:38:40</updated_at><contact><id>3</id><sex>Mr</sex><firstname>HENRY</firstname><lastname>BENJAMIN</lastname><email></email><phone></phone><mobile></mobile><fax></fax><function>Président</function><created_at>2018-05-04 13:38:26</created_at><updated_at>2018-05-04 13:38:26</updated_at></contact></recipient><billing><id>45</id><name>ASR -  2018 direct 1 euro </name><i18n><value>2018 direct 1 euro </value><lang>fr</lang><created_at>2018-06-19 15:21:03</created_at><updated_at>2018-10-19 10:43:27</updated_at><body><![CDATA[<style type="text/css">
body {
  /*font-family: arial;*/
font-family:Microsoft Sans Serif;

}
.thTotal {
    border-right: 1px solid #000;
}
.textCorners {
    text-align: center;
    vertical-align: middle;
}
.campanyInfo td {
    font-size: 12px;
}
div {
    font-size: 12px;
}
.alignementVerticalCenter{
text-align: right;
vertical-align: middle;
}
.tableDevis th {
    background: #F0F0F0;
}
.tdCampanyInfo {
    padding-left: 10px;
}
.marginLeftInfo{
margin-left:10px;
}
.infoTable th {
    background: #F0F0F0;
}
.logo{
position:absolute;
width:20%;
}
.infos{
margin-left:400px;
border:1px solid #000;
border-radius: 5px;
padding:10px;
width:35%;
}
.tableDevis{
border-collapse: collapse;
/*margin-left:500px;*/
/*position:relative;*/
/*display:inline-block;*/
/*margin-top:20px;*/
/*float:left;*/
}
.tableDevis th,.tableDevis td {
   border:1px solid #000;
/*padding:5px 20px 5px 20px;*/
padding:4px;
text-align:center;
/*width:120px;*/
width:130px;
height:8px;
}
.totalTable th,totalTable td{
width:25%;
}
.totalTable {
    border: 1px solid #000;
    border-top-left-radius: 10px;
    border-top-right-radius: 10px;
}
.totalTable th{
    background: #F0F0F0;
}
.totalTable th,.totalTable th{
    padding:5px;
}
/*.infoTable th,.infoTable td {
   border:1px solid #000;
padding:5px;
text-align:center;
}*/
.tableTableau {
    border-collapse: collapse;
}
.tableau{
/*margin-left:-50px;*/
margin-top: 10px;
}
.tableTableau th,.tableTableau td {
   border:1px solid #000;
padding: 3.5px;
}
.alignement{
vertical-align:middle;
text-align:center;
}
.firstTd{
width:49%;
}
.resultat{
border-left:none;
}
.textFooter{
text-align:center;
font-size:11px;
}
.headTableDevis td{
/*padding-right:10px;*/
vertical-align: top;
}
.headTableDevis{
margin-left:68px;
margin-top:25px;

}
.alignementRight{
text-align:right;
padding-right:4px;
}
.corners {
margin-top:90px;
position:absolute;
right:0;
margin-right:100px;
width:39%;
/*height:90px;*/
  padding: 10px;
}
.topcorners, .bottomcorners {
  position: absolute;
  width: 10px;
  height: 10px;
}
.topcorners {
  top: 0;
  border-top: 1px solid;
}
.bottomcorners {
  bottom: 0;
  border-bottom: 1px solid;
}
.leftcorners {
  left: 0;
  border-left: 1px solid;
}
.rightcorners {
  right: 0;
  border-right: 1px solid;
}
</style>
<page>

{if $company.picture}<img class="logo" style="width:90px;height:90px;" src="{$company.picture.url}" />{/if}
<div style="position:relative;">
<table class="headTableDevis">
<tr>
<td>
<div>
<table class="tableDevis" >
<thead>
<tr >
<th style="border-top-left-radius: 10px;border-top-right-radius: 10px;">Facture</th>

</tr>
</thead>
<tbody>
<tr>
<td style="border-bottom-left-radius: 10px;border-bottom-right-radius: 10px;font-weight:bold;">{$billing.reference}</td>

</tr>
</tbody>
</table>
</div>
</td>
<td>
<div>
<table class="tableDevis">
<thead>
<tr>
<th style="border-top-left-radius: 10px;border-top-right-radius: 10px;">Date</th>
</tr>
</thead>
<tbody>
<tr>
<td style="border-bottom-left-radius: 10px;border-bottom-right-radius: 10px;font-weight:bold;">{$billing.dated_at.ddmmyyyy}</td>
</tr>
</tbody>
</table>
</div>
</td>
<td>
<div style="margin-top:0px;">
<table class="tableDevis" >
<thead>
<tr>
<th style="border-top-left-radius: 10px;border-top-right-radius: 10px;">Client</th>
</tr>
</thead>
<tbody>
<tr>
<td style="border-bottom-left-radius: 10px;border-bottom-right-radius: 10px;font-weight:bold;">{$billing.customer.lastname|upper}-{$billing.customer.address.postcode|upper}</td>
</tr>
</tbody>
</table>
</div>
</td>
</tr>
</table>
</div>
<div class="corners" >
  <div class="topcorners leftcorners"></div>
  <div class="topcorners rightcorners"></div>
  <div class="bottomcorners rightcorners"></div>
  <div class="bottomcorners leftcorners"></div>
 <div class="textCorners" style="font-weight: bold;">  {$billing.customer.lastname|upper} {$billing.customer.firstname|upper}</div>
<div class="textCorners" style="font-weight: bold;margin-top: 8px;">{$billing.customer.address.address1|upper}</div>
<div class="textCorners" style="font-weight: bold;margin-top: 8px;">{$billing.customer.address.postcode|upper}  {$billing.customer.address.city|upper}</div>
</div>

<div style="margin-top: 20px;font-weight:bold;">{$company.name}</div>
{*<div style="margin-top: 5px;font-weight:bold;">{$company.address1|upper} </div>*}
<div style="margin-top: 5px;font-weight:bold;">{$company.address1}</div>
<div style="margin-top: 5px;font-weight:bold;">{$company.city}, {$company.postcode}</div>
<table class="campanyInfo">
<tr>
<td>Tél</td>
<td class="tdCampanyInfo"><span>:</span><span class="marginLeftInfo">{$company.phone}</span></td>
</tr>
<tr>
<td>R.C.S</td>
<td class="tdCampanyInfo"><span>:</span><span class="marginLeftInfo">{$company.rcs}</span></td>
</tr>
<tr>
<td>SIRET</td>
<td class="tdCampanyInfo"><span>:</span><span class="marginLeftInfo">{$company.siret}</span></td>
</tr>
<tr>
<td>Tva Intra</td>
<td class="tdCampanyInfo"><span>:</span><span class="marginLeftInfo">{$company.tva}</span></td>
</tr>
<tr>
<td>N° RGE</td>
<td class="tdCampanyInfo"><span>:</span><span class="marginLeftInfo">{$company.rge}</span></td>
</tr>

</table>

<div class="tableau">
<table class="tableTableau infoTable" style="width:100%;align: center;">
  <thead>
    <tr>
                        <th class="alignement" style="border-top-left-radius: 10px;">Référence</th>
      <th class="alignement">Désignation</th>
      <th class="alignement" style="width:12%;">Quantité</th>
      {*<th class="alignement" style="width:12%;">Unité</th>*}
      <th class="alignement" style="width:12%;">P.U. HT</th>
      <th class="alignement" style="width:12%;border-top-right-radius: 10px;">Montant HT</th>
    </tr>
  </thead>
  <tbody>
{foreach $billing.products as $product name=test} 

{foreach $product.items as $items} 
       <tr>
      <td class="" style="width:12%;" {*if $smarty.foreach.test.last}style="border-bottom-left-radius: 10px;"{/if*}>{$items.item.input1}</td>
      <td class="firstTd">              
      <div class="divTable" style="font-size:10px;">{$items.item.description}</div>
      <div class="divTable" style="font-size:10px;">Épaisseur: {$items.item.thickness}</div>
      <div class="divTable" style="font-size:10px;">Résistance Thermique: {$items.item.input3}</div>
      <div class="divTable" style="font-size:10px;">Acermi: {$items.item.details}</div>
      </td>
      <td class="alignementVerticalCenter">{*40*}{$items.quantity} m²</td>
      <td class="alignementVerticalCenter">{$items.sale_price_without_tax}</td>
      <td class="alignementVerticalCenter" {*if $smarty.foreach.test.last}style="border-bottom-right-radius: 10px;"{/if*}>{$items.total_sale_price_without_tax}</td>
    </tr>

{/foreach}

{/foreach}
<tr>
<td class="">CEE.DE</td>
{*<td class="firstTd">Les travaux ou prestations objet du présent document donneront lieu à une contribution financière de <span style="font-weight:bold;">{if $billing.polluter == null}BOLLORE ENERGY{else}{$billing.polluter.commercial}{/if}</span> dans le cadre de son rôle incitatif, directement ou via son (ses) mandataire(s), sous réserve de l’engagement de fournir exclusivement à {if $billing.polluter == null}BOLLORE ENERGY{else}{$billing.polluter.commercial}{/if} les documents nécessaires à la valorisation des opérations au titre du dispositif des Certificats d’Economies d’Energie et sous réserve de la validation de l’éligibilité du dossier par {if $billing.polluter == null}BOLLORE ENERGY{else}{$billing.polluter.commercial}{/if} puis par l’autorité administrative compétente. <br><span style="font-weight:bold;margin-top:8px;">Cette offre comprend la prime versée par {if $billing.polluter == null}BOLLORE ENERGY{else}{$billing.polluter.commercial}{/if} au titre du dispositif des Certificats d'Economies d'Energie d'un montant de: {$billing.prime_oneeuro}</span></td>*}
<td class="firstTd"  style="font-size:10.5px;">
Les travaux ou prestations objet du présent document donneront lieu à une contribution financière de <span style="font-weight:bold;">{if $billing.polluter.commercial == null}Direct énergie{else}{$billing.polluter.commercial}{/if}</span>, versée par <span style="font-weight:bold;">{if $billing.polluter.commercial == null}Direct énergie{else}{$billing.polluter.commercial}{/if}</span> dans le cadre de son rôle incitatif sous forme de prime, directement ou via son (ses) mandataire(s), sous réserve de l’engagement de fournir exclusivement à <span style="font-weight:bold;">{if $billing.polluter.commercial == null}Direct énergie{else}{$billing.polluter.commercial}{/if}</span> les documents nécessaires à la valorisation des opérations au titre du dispositif des Certificats d’Economies d’Energie et sous réserve de la validation de l’éligibilité du dossier par <span style="font-weight:bold;">{if $billing.polluter.commercial == null}Direct énergie{else}{$billing.polluter.commercial}{/if}</span> puis par l’autorité administrative compétente.
<br><span style="font-weight:bold;margin-top:8px;font-size:10.5px;text-align:justify;">Le montant de cette contribution financière, hors champ d’application de la TVA, est susceptible de varier en fonction des travaux effectivement réalisés et du volume   des   CEE attribués à l’opération et est estimé à:    {$billing.prime_oneeuro}</span>
</td>
<td class="alignementRight"></td>
<td class="alignementRight"></td>
<td class="alignementRight" ></td>
</tr>
<tr >
<td class="" style="border-bottom-left-radius: 10px;"></td>
<td class="firstTd" {*style="padding-bottom:20px;"*}>
{if $billing.products.top}<span style="font-size:10.5px;">Date de la pré-visite le : {$billing.contract.pre_meeting_at.ddmmyyyy} {if $billing.contract.pre_meeting_at.time} à {$billing.contract.pre_meeting_at.time}{/if}</span><br>{/if}
<span style="font-size:10.5px;">Date d'installation : {$billing.contract.opc_at.ddmmyyyy}</span>
<br><span style="font-size:10.5px;">Adresse d'installation identique à celle de facturation</span></td>
<td class="alignementRight"></td>
<td class="alignementRight"></td>
<td class="alignementRight" style="border-bottom-right-radius: 10px;"></td>
</tr>
  </tbody>
</table>
</div>
<div style="margin-top:10px;">
<table  style="width:51%;">
<tr>
<td >
{*
<table class="tableTableau infoTable totalTable">
<thead>
<tr>
<th class="alignement" style="border-top-left-radius: 10px;width:12%;">Code</th>
<th class="alignement" style="width:34%;">Base HT</th>
<th class="alignement" >Taux TVA</th>
<th class="alignement" style="border-top-right-radius: 10px;width:34%;">Montant TVA</th>
</tr>
</thead>
<tbody>
<tr>
<td class="alignement" style="border-bottom-left-radius: 10px;">2</td>
<td class="alignementRight">{$billing.total_sale_without_tax}</td>
<td class="alignementRight">5.50</td>
<td class="alignementRight" style="border-bottom-right-radius: 10px;">{$billing.total_tax}</td>
</tr>
</tbody>
</table>
*}
<div style="width:400px;">
<div style="width:98%;height:100px;{*border:1px solid #000;border-radius:6px;*}">
<span style="margin-top:20px;">{*Fait le:*} </span>
<signature style="width:200px;height:85px;margin-top:5px;font-size:20px;margin:auto;margin-top:20px;text-align:center;"  name="signature"> </signature>
</div>
</div>
</td>
<td>

<table class="totalTable" style="width:100%;margin-left:59px;" cellspacing="0">
  <tr>
    <th class="thTotal" style="width:38%;border-top-left-radius: 10px;font-weight: normal !important;" >Total HT</th>
    <td class="alignementRight" style="width:38%;border-top-right-radius: 10px;">{$billing.total_sale_without_tax}</td>
  </tr>
  <tr>
    <th class="thTotal" style="width:38%;">Taux TVA</th>
    <td class="alignementRight" style="width:38%;border-bottom:1px solid #000;font-weight:bold;">{*$billing.total_sale_without_tax*}5.50%</td>
  </tr>
  <tr>
    <th class="thTotal" style="width:38%;font-weight: normal !important;">Total TVA</th>
    <td class="alignementRight" style="width:38%;">{$billing.total_tax}</td>
  </tr>
<tr>
    <th class="thTotal" style="width:38%;font-weight: normal !important;">Total TTC</th>
    <td class="alignementRight" style="width:38%;">{$billing.total_sale_with_tax}</td>
  </tr>
<tr>
    <th class="thTotal" style="width:38%;font-weight: normal !important;">Prime C.E.E.</th>
    <td class="alignementRight" style="width:38%;">{$billing.prime_oneeuro}</td>
  </tr>
<tr>
    <th class="thTotal" colspan="2" style="border-top:2px solid #000;height:5px !important;line-height:2px;padding:0px;position:relative;"><span style="margin:4px;">NET A PAYER en euros  </span><span style="margin-top:5px;margin-left:102px;">{$billing.restincharge} €</span></th>

  </tr>
</table>

</td>
</tr>
</table>
</div>


<page_footer>

<div style="text-align:center;font-size:10px;margin-top:3px;">{$company.name} - {$company.address1}, {$company.postcode} {$company.city} - Tél: {$company.phone} - Mail: {$company.email}</div>

</page_footer>
</page>]]></body></i18n></billing><quotation><id>58</id><name>77 isox direct 1 euro</name><i18n><value>ASR - 77 isox direct 1 euro</value><lang>fr</lang><created_at>2018-10-26 16:25:38</created_at><updated_at>2018-11-22 12:56:26</updated_at><body><![CDATA[<style type="text/css">

body {
  /*font-family: arial;*/
font-family:Microsoft Sans Serif;

}
.thTotal {
    border-right: 1px solid #000;
}
.textCorners {
    text-align: center;
    vertical-align: middle;
}
.campanyInfo td {
    font-size: 12px;
}
div {
    font-size: 12px;
}
.alignementVerticalCenter{
text-align: right;
vertical-align: middle;
}
.tableDevis th {
    background: #F0F0F0;
}
.tdCampanyInfo {
    padding-left: 10px;
}
.marginLeftInfo{
margin-left:10px;
}
.infoTable th {
    background: #F0F0F0;
}
.logoo{
position:absolute;
width:20%;
margin-bottom:25px;
}
.infos{
margin-left:400px;
border:1px solid #000;
border-radius: 5px;
padding:10px;
width:35%;
}
.tableDevis{
border-collapse: collapse;
/*margin-left:500px;*/
/*position:relative;*/
/*display:inline-block;*/
/*margin-top:20px;*/
/*float:left;*/
}
.tableDevis th,.tableDevis td {
   border:1px solid #000;
/*padding:5px 20px 5px 20px;*/
padding:4px;
text-align:center;
/*width:120px;*/
width:130px;
height:8px;
}
.totalTable th,totalTable td{
width:25%;
}
.totalTable {
    border: 1px solid #000;
    border-top-left-radius: 10px;
    border-top-right-radius: 10px;
}
.totalTable th{
    background: #F0F0F0;
}
.totalTable th,.totalTable th{
    padding:5px;
}
/*.infoTable th,.infoTable td {
   border:1px solid #000;
padding:5px;
text-align:center;
}*/
.tableTableau {
    border-collapse: collapse;
}
.tableau{
/*margin-left:-50px;*/
margin-top: 10px;
}
.tableTableau th,.tableTableau td {
   border:1px solid #000;
padding: 3.5px;
}
.alignement{
vertical-align:middle;
text-align:center;
}
.firstTd{
width:49%;
}
.resultat{
border-left:none;
}
.textFooter{
text-align:center;
font-size:11px;
}
.headTableDevis td{
/*padding-right:10px;*/
vertical-align: top;
}
.headTableDevis{
margin-left:68px;
margin-top:8%;
}
.alignementRight{
text-align:right;
padding-right:4px;
}
.corners {
margin-top:90px;
position:absolute;
right:0;
margin-right:100px;
width:39%;
/*height:90px;*/
  padding: 10px;
}
.topcorners, .bottomcorners {
  position: absolute;
  width: 10px;
  height: 10px;
}
.topcorners {
  top: 0;
  border-top: 1px solid;
}
.bottomcorners {
  bottom: 0;
  border-bottom: 1px solid;
}
.leftcorners {
  left: 0;
  border-left: 1px solid;
}
.rightcorners {
  right: 0;
  border-right: 1px solid;
}
.borderContent{
border:1px solid #000;
padding: 10px;
margin-top:8px;

}
.logoo{
margin-top:10px;

}
.divCarre{
text-align:center;
border:1px solid #000;
width:10px;
height:8px;
display:inline;
font-size:9px;
text-transform: uppercase;
}
.numberOfPage{
bottom:0;
/*position:absolute;*/
text-align:right;
right:0;
}
</style>
<page backleft="21px" backright="21px" backtop="10px">
<div class="borderContent" style="height:920px;position:relative;">
<div style="display:inline;width:40%;position:absolute;margin-left:10px;"><img class="logoo"  style="width:100%;" src="http://{$smarty.server.HTTP_HOST}/admin/web/pictures/cee.png"/></div>
{if $recipient.logo != null}<div style="display:inline;width:20%;position:absolute;margin-left:300px;">
<img   class="logoo" style="width:100px;margin-left:40px;margin-top:17px;"   src="{$recipient.logo.url}" /></div>{/if}
{if $polluter.logo != null}<div style="display:inline;width:30%; position:absolute;margin-left:550px;">
 <img   class="logoo" style="width:120px;height:110px;" src="{$polluter.logo.url}" /></div>{/if}

{*<div style="display:inline;width:30%; position:absolute;margin-left:400px;">
{if $polluter.logo != null}<img   class="logoo" style="width:320px;height:110px;" src="{$polluter.logo.url}" />{/if}</div>*}

<div style="margin-top:130px;">Le dispositif national des certificats d’économies d’énergie (CEE) mis en place par le Ministère en charge de l’énergie impose à l’ensemble des fournisseurs d’énergie (électricité, gaz, fioul domestique, chaleur ou froid, carburants automobiles), de réaliser des économies et de promouvoir les comportements vertueux auprès des consommateurs d’énergie.</div>
<div style="margin-top:25px;"> {if $polluter.commercial != null}Dans le cadre de son partenariat avec<span style="font-weight:bold;"> {$polluter.commercial},</span> {/if}la société  {$company.name} s’engage à vous apporter:</div>
<div style="margin-top:5px">
<div class="divCarre" style="margin-left:28px;">X</div>
<span class="reponse" style="margin-left:6px;">
une prime d’un montant de {$quotation.prime_oneeuro} euros; </span></div>
<div style="margin-top:5px">
<div class="divCarre" style="margin-left:28px;"> </div>
<span class="reponse" style="margin-left:6px;">un bon d’achat pour des produits de consommation courante d’un montant de ....................... euros; </span></div>
<div style="margin-top:5px">
<div class="divCarre" style="margin-left:28px;"> </div>
<span class="reponse" style="margin-left:6px;">un prêt bonifié d’un montant de .......................  euros proposé par ....................... au taux effectif global (TEG) de .............. %</span></div>
<div style="margin-left:25px;"> (valeur de la bonification = ....................... euros); </div>
<div style="margin-top:5px">
<div class="divCarre" style="margin-left:28px;"> </div>
<span class="reponse" style="margin-left:6px;">un audit ou conseil personnalisé, remis sous forme écrite au bénéficiaire (valeur = ....................... euros); </span></div>
<div style="margin-top:5px">
<div class="divCarre" style="margin-left:28px;"> </div>
<span class="reponse" style="margin-left:6px;">un produit ou service offert : ....................... d’une valeur de ....................... €  </span></div>
<div style="margin-top:8px;">dans le cadre des travaux suivants (1 ligne par opération) :</div>
<div class="tableau">
<table class="tableTableau " style="width:100%;align: center;">
	<thead>
		<tr>
                        <th class="alignement" style="width:29%;">Nature des travaux</th>
			<th class="alignement" style="width:20%;">Fiche CEE</th>
			<th class="alignement" style="width:50%;">Conditions à respecter</th>
		</tr>
	</thead>
	<tbody>
{foreach $products as $product} 
             <tr>
<td style="width:29%;">{$product.product.meta_title}</td>
<td>{$product.product.reference}</td>
<td><p style='text-align:center'>Les conditions à respecter sont disponibles à l’adresse suivante</p>https://www.ecologique-solidaire.gouv.fr/operations-standardisees</td>
</tr>
{/foreach}
         </tbody>
</table>
</div>
<div style="margin-top:4px;">au bénéfice de : {$customer.lastname|upper} {$customer.firstname|upper}</div>
<div style="margin-left:90px;">{$customer.address.address1|upper}</div>
<div style="margin-left:90px;">{$customer.address.city|upper}, {$customer.address.postcode|upper}</div>
<div style="margin-top:30px;">Date de cette proposition : {$quotation.dated_at.ddmmyyyy}</div>
<div style="margin-top:15px;">Signature : <span style="font-weight:bold;">Benjamin HENRY</span>{*if $company.signature !=null}<img   class="log" style="width:15%;" src="{$company.signature.url}" />{/if*}</div>
<div><span style="font-weight:bold;">Président de VERTIGO (SAS - SIREN 834 398 976)</span></div>
<div style="margin-top:30px;">/!\ Attention, seules les propositions remises avant l’acceptation du devis ou du bon de commande sont valables, et vous ne pouvez pas cumuler plusieurs offres CEE différentes pour la même opération. </div>
<div class="borderContent" style="height:100px;position:relative;background-color:#bfe4ff;margin-top:20px;">
<div style="margin-top:6px;width:80%;text-decoration: underline;">Où se renseigner pour bénéficier de cette offre ?</div>
<div style="margin-top:6px;text-align:center;width:80%;">{*{if $company.web != null}{$company.web} {/if} Tél: {format_phone($company.phone,null,'XX XX XX XX XX')}*}
{$company.name} - {$company.web} - {*$company.phone*}01 56 96 09 94</div>
<div style="margin-top:6px;width:80%;text-decoration: underline;">Où s’informer sur les aides pour les travaux d’économies d’énergie ? </div>
<div style="margin-top:6px;text-align:center;width:80%;">Site du Ministère en charge de l’énergie : </div>
<div style="margin-top:6px;text-align:center;width:80%;">www.ecologique-solidaire.gouv.fr/aides-financieres-renovation-energetique</div>
<div style="margin-top:6px;text-align:center;width:80%;">Plateforme Rénovation info service : <img style="width:25%;"  src="http://{$smarty.server.HTTP_HOST}/admin/web/pictures/0808800700.png"/></div> 
<img style="width:8%;position:absolute;margin-left:570px;margin-top:50px;" src="http://{$smarty.server.HTTP_HOST}/admin/web/pictures/ministere_ecologique.png"/>
</div>
</div>
<page_footer>
<div class="numberOfPage">Page [[page_cu]] / [[page_nb]]</div>
{*<div  style="font-size:10px;">Fait le 4 septembre 2014.</div>
<div style="margin-top:20px;font-size:10px;">Pour la ministre et par délégation :</div>
<div style="font-size:10px;">Le directeur général de l’énergie et du climat,  </div>
<div style="font-size:10px;">L. Michel  </div>*}
</page_footer>
</page>
<page>
{if $company.picture}<img style="width:100px;height:85px;" class="logoo" src="{$company.picture.url}" />{/if}
<div style="position:relative;">
<table class="headTableDevis">
<tr>
<td>
<div>
<table class="tableDevis" >
<thead>
<tr >
<th style="border-top-left-radius: 10px;border-top-right-radius: 10px;">Devis</th>

</tr>
</thead>
<tbody>
<tr>
<td style="border-bottom-left-radius: 10px;border-bottom-right-radius: 10px;font-weight:bold;">{$quotation.reference}</td>

</tr>
</tbody>
</table>
</div>
</td>
<td>
<div>
<table class="tableDevis">
<thead>
<tr>
<th style="border-top-left-radius: 10px;border-top-right-radius: 10px;">Date</th>
</tr>
</thead>
<tbody>
<tr>
<td style="border-bottom-left-radius: 10px;border-bottom-right-radius: 10px;font-weight:bold;">{$quotation.dated_at.ddmmyyyy}</td>
</tr>
</tbody>
</table>
</div>
</td>
<td>
<div style="margin-top:0px;">
<table class="tableDevis" >
<thead>
<tr>
<th style="border-top-left-radius: 10px;border-top-right-radius: 10px;">Client</th>
</tr>
</thead>
<tbody>
<tr>
<td style="border-bottom-left-radius: 10px;border-bottom-right-radius: 10px;font-weight:bold;">{$customer.lastname|upper}-{$customer.address.postcode|upper}</td>
</tr>
</tbody>
</table>
</div>
</td>
</tr>
</table>
</div>
<div class="corners" >
  <div class="topcorners leftcorners"></div>
  <div class="topcorners rightcorners"></div>
  <div class="bottomcorners rightcorners"></div>
  <div class="bottomcorners leftcorners"></div>
 <div class="textCorners" style="font-weight: bold;">  {$customer.lastname|upper} {$customer.firstname|upper}</div>
<div class="textCorners" style="font-weight: bold;margin-top: 8px;">{$customer.address.address1|upper}</div>
<div class="textCorners" style="font-weight: bold;margin-top: 8px;">{$customer.address.postcode|upper}  {$customer.address.city|upper}</div>
</div>

<div style="margin-top: 25px;font-weight:bold;">{$company.name}</div>
{*<div style="margin-top: 5px;font-weight:bold;">{$company.address1|upper} </div>*}
<div style="margin-top: 5px;font-weight:bold;">{$company.address1}</div>
<div style="margin-top: 5px;font-weight:bold;">{$company.city}, {$company.postcode}</div>
<table class="campanyInfo">
<tr>
<td>Tél</td>
<td class="tdCampanyInfo"><span>:</span><span class="marginLeftInfo">{$company.phone}</span></td>
</tr>
<tr>
<td>R.C.S</td>
<td class="tdCampanyInfo"><span>:</span><span class="marginLeftInfo">{$company.rcs}</span></td>
</tr>
<tr>
<td>SIRET</td>
<td class="tdCampanyInfo"><span>:</span><span class="marginLeftInfo">{$company.siret}</span></td>
</tr>
<tr>
<td>Tva Intra</td>
<td class="tdCampanyInfo"><span>:</span><span class="marginLeftInfo">{$company.tva}</span></td>
</tr>
<tr>
<td>N° RGE</td>
<td class="tdCampanyInfo"><span>:</span><span class="marginLeftInfo">{$company.rge}</span></td>
</tr>

</table>
{*<div style="margin-top: 40px;">Nous avons le plaisir de vous adresser votre<span style="font-weight: bold;"> devis d'isolation.</span> Seul le montant présenté ci-dessous restera à votre charge.</div>*}
{if $products.top}<div style="margin-top:5px;">Suite a la pré-visite du: {$contract.pre_meeting_at.ddmmyyyy} à {$contract.pre_meeting_at.time} veuillez trouver ci-joint votre devis</div>{/if}
<div class="tableau">
<table class="tableTableau infoTable" style="width:100%;align: center;">
	<thead>
		<tr>
                        <th class="alignement" style="border-top-left-radius: 10px;">Référence</th>
			<th class="alignement">Désignation</th>
			<th class="alignement" style="width:12%;">Quantité</th>
			{*<th class="alignement" style="width:12%;">Unité</th>*}
			<th class="alignement" style="width:12%;">P.U. HT</th>
			<th class="alignement" style="width:12%;border-top-right-radius: 10px;">Montant HT</th>
		</tr>
	</thead>
	<tbody>
{foreach $products as $product name=test} 

{foreach $product.items as $items} 
       <tr>
      <td class="" style="width:12%;" {*if $smarty.foreach.test.last}style="border-bottom-left-radius: 10px;"{/if*}>{$items.item.input1}</td>
      <td class="firstTd">              
      <div class="divTable" style="font-size:11px;">{$items.item.description}</div>
      <div class="divTable" style="font-size:11px;">Épaisseur: {$items.item.thickness}</div>
      <div class="divTable" style="font-size:11px;">Résistance Thermique: {$items.item.input3}</div>
      <div class="divTable" style="font-size:11px;">Acermi: {$items.item.details}</div>
      </td>
      <td class="alignementVerticalCenter">{*40*}{$items.quantity} m²</td>
      <td class="alignementVerticalCenter">{$items.sale_price_without_tax}</td>
      <td class="alignementVerticalCenter" {*if $smarty.foreach.test.last}style="border-bottom-right-radius: 10px;"{/if*}>{$items.total_sale_price_without_tax}</td>
    </tr>

{/foreach}

{/foreach}
<tr>
<td class="" {*style="border-bottom-left-radius: 10px;"*}>CEE.DE</td>
<td class="firstTd"  style="font-size:9.5px;">
Les travaux ou prestations objet du présent document donneront lieu à une contribution financière de <span style="font-weight:bold;">{if $polluter == null}Direct énergie{else}{$polluter.commercial}{/if}</span>, versée par <span style="font-weight:bold;">{if $polluter == null}Direct énergie{else}{$polluter.commercial}{/if}</span> dans le cadre de son rôle incitatif sous forme de prime, directement ou via son (ses) mandataire(s), sous réserve de l’engagement de fournir exclusivement à <span style="font-weight:bold;">{if $polluter == null}Direct énergie{else}{$polluter.commercial}{/if}</span> les documents nécessaires à la valorisation des opérations au titre du dispositif des Certificats d’Economies d’Energie et sous réserve de la validation de l’éligibilité du dossier par <span style="font-weight:bold;">{if $polluter == null}Direct énergie{else}{$polluter.commercial}{/if}</span> puis par l’autorité administrative compétente.
<br><span style="font-weight:bold;margin-top:8px;font-size:10px;text-align: justify;"> Le montant de cette contribution financière, hors champ d’application de la TVA,est susceptible de varier en fonction des travaux effectivement réalisés et du volume des CEE attribués à l’opération et est estimé à:  {$quotation.prime_oneeuro} {*$quotation.prime*}</span>
{*<span>
Les travaux ou prestations objet du présent document donneront lieu à une contribution financière de  <span style="font-weight:bold;">{if $polluter == null}BOLLORE ENERGY{else}{$polluter.commercial}{/if}</span> dans le cadre de son rôle incitatif, directement ou via son (ses) mandataire(s), sous réserve de l’engagement de fournir exclusivement à  <span style="font-weight:bold;">{if $polluter == null}BOLLORE ENERGY{else}{$polluter.commercial}{/if}</span> les documents nécessaires à la valorisation des opérations au titre du dispositif des Certificats d’Economies d’Energie et sous réserve de la validation de l’éligibilité du dossier par  <span style="font-weight:bold;">{if $polluter == null}BOLLORE ENERGY{else}{$polluter.commercial}{/if}</span> puis par l’autorité administrative compétente.
Cette offre comprend la prime versée par  <span style="font-weight:bold;">{if $polluter == null}BOLLORE ENERGY{else}{$polluter.commercial}{/if}</span> ou son mandataire au titre du dispositif des Certificats d'Economies d'Energie d'un montant de: {$quotation.prime_oneeuro}.<br>
Le client accepte que PREMIUM ENERGY mandataire de  <span style="font-weight:bold;">{if $polluter == null}BOLLORE ENERGY{else}{$polluter.commercial}{/if}</span> collecte et traite ses données à caractère personnel pour les besoins du dépôt d’un dossier CEE sur le registre EMMY conformément aux dispositions réglementaires en vigueur et qu’il communique ces données à  <span style="font-weight:bold;">{if $polluter == null}BOLLORE ENERGY{else}{$polluter.commercial}{/if}</span> à des fins de contrôle de la conformité des opérations réalisées chez le client.  <span style="font-weight:bold;">{if $polluter == null}BOLLORE ENERGY{else}{$polluter.commercial}{/if}</span> s’engage à respecter la réglementation française et européenne relative à la protection des données à caractère personnel.
[ ] Je renonce expressément à l'exercice du droit de rétractation dont je bénéficie en vertu de l'article L 121-21 du Code de la consommation</span>*}
</td>
<td class="alignementRight"></td>
<td class="alignementRight"></td>
<td class="alignementRight" {*style="border-bottom-right-radius: 10px;"*}></td>
</tr>
{if $contract.layer}<tr>
<td class="" style="border-bottom-left-radius: 10px;"></td>
<td class="firstTd"  style="font-size:9.5px;">
<div  style="font-size:9.5px;">Nous vous informons que les travaux seront réalisés par notre sous traitant la société {$contract.layer.name}, enregistré sous le Numéro Siret {$contract.layer.siret}, ayant pour Numero de rge {$contract.layer.rge}.</div>
<div  style="font-size:9.5px;">Le bénéficiaire reconnaît et accepte l'intervention de la société <span style="font-weight:bold;">{$contract.layer.name}</span> pour réaliser les travaux.</div>
</td>
<td class="alignementRight"></td>
<td class="alignementRight"></td>
<td class="alignementRight" style="border-bottom-right-radius: 10px;"></td>
</tr>
{/if}
	</tbody>

</table>
</div>
<div style="margin-top:10px;">
<table  style="width:51%;">
<tr>
<td >
{*
<table class="tableTableau infoTable totalTable">
<thead>
<tr>
<th class="alignement" style="border-top-left-radius: 10px;width:12%;">Code</th>
<th class="alignement" style="width:34%;">Base HT</th>
<th class="alignement" >Taux TVA</th>
<th class="alignement" style="border-top-right-radius: 10px;width:34%;">Montant TVA</th>
</tr>
</thead>
<tbody>
<tr>
<td class="alignement" style="border-bottom-left-radius: 10px;">2</td>
<td class="alignementRight">{$quotation.total_sale_without_tax}</td>
<td class="alignementRight">5.50</td>
<td class="alignementRight" style="border-bottom-right-radius: 10px;">{$quotation.total_tax}</td>
</tr>
</tbody>
</table>
*}
<div style="width:400px;">
<div style="width:98%;height:100px;border:1px solid #000;border-radius:6px;">
{*<span style="margin-top:10px;margin-left:4px;">Posé par: {$layer.name}, SIRET {$layer.siret}.</span>*}
<signature style="width:200px;height:85px;margin-top:5px;font-size:20px;margin:auto;margin-top:20px;text-align:center;"  name="signature"> </signature>
</div>
</div>
</td>
<td>

<table class="totalTable" style="width:100%;margin-left:59px;" cellspacing="0">
  <tr>
    <th class="thTotal" style="width:38%;border-top-left-radius: 10px;font-weight: normal !important;" >Total HT</th>
    <td class="alignementRight" style="width:38%;border-top-right-radius: 10px;">{$quotation.total_sale_without_tax}</td>
  </tr>
  <tr>
    <th class="thTotal" style="width:38%;">Taux TVA</th>
    <td class="alignementRight" style="width:38%;border-bottom:1px solid #000;font-weight:bold;">{*$quotation.total_sale_without_tax*}5.50%</td>
  </tr>
  <tr>
    <th class="thTotal" style="width:38%;font-weight: normal !important;">Total TVA</th>
    <td class="alignementRight" style="width:38%;">{$quotation.total_tax}</td>
  </tr>
<tr>
    <th class="thTotal" style="width:38%;font-weight: normal !important;">Total TTC</th>
    <td class="alignementRight" style="width:38%;">{$quotation.total_sale_with_tax}</td>
  </tr>
<tr>
    <th class="thTotal" style="width:38%;font-weight: normal !important;">Prime C.E.E.</th>
    <td class="alignementRight" style="width:38%;">{$quotation.prime_oneeuro}</td>
  </tr>
<tr>
    <th class="thTotal" colspan="2" style="border-top:2px solid #000;height:5px !important;line-height:2px;padding:0px;position:relative;">{*<span style="margin:4px;">NET A PAYER en euros  </span><span style="margin-top:5px;margin-left:90px;">{$restincharge} €</span>*}
<div style="margin:4px;">NET A PAYER en euros  </div><div style="margin-top:-15px;text-align: right;margin-right: 4px;">{$restincharge} €</div>
</th>
 
  </tr>
</table>

</td>
</tr>
</table>
</div>


<page_footer>

<div style="text-align:center;font-size:10px;margin-top:3px;">{$company.name} - {$company.address1}, {$company.postcode} {$company.city} - Tél: {$company.phone} - Mail: {$company.email}</div>

<div class="numberOfPage">Page [[page_cu]] / [[page_nb]]</div>
</page_footer>
</page>
]]></body></i18n></quotation></polluter>