<?xml version="1.0" encoding="UTF-8" ?><pricings><pricing><id>56</id><coef>0.003800</coef><multiple>0.000000</multiple><created_at>2018-06-19 07:49:59</created_at><updated_at>2018-06-19 07:49:59</updated_at><class><id>3</id><name> </name><coef>0.002800</coef><multiple>1</multiple></class></pricing><pricing><id>57</id><coef>0.003800</coef><multiple>0.000000</multiple><created_at>2018-06-19 07:50:04</created_at><updated_at>2018-06-19 07:50:04</updated_at><class><id>2</id><name>0</name><coef>0.004100</coef><multiple>1</multiple></class></pricing><pricing><id>58</id><coef>0.003800</coef><multiple>0.000000</multiple><created_at>2018-06-19 07:50:09</created_at><updated_at>2018-06-19 07:50:09</updated_at><class><id>1</id><name>1</name><coef>0.004100</coef><multiple>2</multiple></class></pricing></pricings>