<?xml version="1.0" encoding="UTF-8" ?><documents><document><id>849</id><created_at>2020-03-19 00:08:33</created_at><updated_at>2020-03-19 00:08:33</updated_at><model>592</model><document><id>31</id><type>0</type><name>CLASSIC</name><created_at>2020-03-02 20:40:00</created_at><updated_at>2020-03-02 20:43:42</updated_at></document></document><document><id>850</id><created_at>2020-03-19 00:08:39</created_at><updated_at>2020-03-19 00:08:39</updated_at><model>592</model><document><id>32</id><type>0</type><name>PRECAIRE</name><created_at>2020-03-02 20:40:15</created_at><updated_at>2020-03-02 20:43:53</updated_at></document></document><document><id>851</id><created_at>2020-03-19 00:08:45</created_at><updated_at>2020-03-19 00:08:45</updated_at><model>592</model><document><id>33</id><type>0</type><name>GRAND PRECAIRE</name><created_at>2020-03-02 20:44:00</created_at><updated_at>2020-03-02 20:44:00</updated_at></document></document></documents>