<?xml version="1.0" encoding="UTF-8" ?><documents><document><id>242</id><created_at>2019-02-04 19:24:28</created_at><updated_at>2019-02-04 19:24:28</updated_at><model>107</model><document><id>1</id><type>0</type><name>BAR EN 101 + R1</name><created_at>2017-02-24 17:53:35</created_at><updated_at>2017-11-09 13:05:12</updated_at></document></document><document><id>243</id><created_at>2019-02-04 19:24:28</created_at><updated_at>2019-02-04 19:24:28</updated_at><model>107</model><document><id>2</id><type>0</type><name>BAR EN 101 + R2</name><created_at>2017-02-24 17:54:01</created_at><updated_at>2017-11-09 13:06:22</updated_at></document></document><document><id>244</id><created_at>2019-02-04 19:24:28</created_at><updated_at>2019-02-04 19:24:28</updated_at><model>109</model><document><id>3</id><type>0</type><name>BAR EN 102 + R1</name><created_at>2017-02-24 17:54:21</created_at><updated_at>2017-11-09 13:06:27</updated_at></document></document><document><id>245</id><created_at>2019-02-04 19:24:28</created_at><updated_at>2019-02-04 19:24:28</updated_at><model>109</model><document><id>4</id><type>0</type><name>BAR EN 102 + R2 </name><created_at>2017-02-24 17:54:33</created_at><updated_at>2017-11-09 13:06:37</updated_at></document></document><document><id>246</id><created_at>2019-02-04 19:24:28</created_at><updated_at>2019-02-04 19:24:28</updated_at><model>111</model><document><id>5</id><type>0</type><name>BAR EN 103 + R1</name><created_at>2017-02-24 17:54:50</created_at><updated_at>2017-11-09 13:06:44</updated_at></document></document><document><id>247</id><created_at>2019-02-04 19:24:28</created_at><updated_at>2019-02-04 19:24:28</updated_at><model>111</model><document><id>6</id><type>0</type><name>BAR EN 103 + R2 </name><created_at>2017-02-24 17:55:07</created_at><updated_at>2017-11-09 13:06:52</updated_at></document></document><document><id>248</id><created_at>2019-02-04 19:24:28</created_at><updated_at>2019-02-04 19:24:28</updated_at><model>113</model><document><id>7</id><type>0</type><name>BAR EN 101 + 102 + R1 </name><created_at>2017-02-24 17:55:37</created_at><updated_at>2017-11-09 13:06:58</updated_at></document></document><document><id>249</id><created_at>2019-02-04 19:24:28</created_at><updated_at>2019-02-04 19:24:28</updated_at><model>113</model><document><id>8</id><type>0</type><name>BAR EN 101 + 102 + R2 </name><created_at>2017-02-24 17:55:54</created_at><updated_at>2017-11-09 13:07:06</updated_at></document></document><document><id>250</id><created_at>2019-02-04 19:24:28</created_at><updated_at>2019-02-04 19:24:28</updated_at><model>115</model><document><id>9</id><type>0</type><name>BAR EN 101 + 103 + R1</name><created_at>2017-02-24 17:56:25</created_at><updated_at>2017-11-09 13:07:15</updated_at></document></document><document><id>251</id><created_at>2019-02-04 19:24:28</created_at><updated_at>2019-02-04 19:24:28</updated_at><model>115</model><document><id>10</id><type>0</type><name>BAR EN 101 + 103+ R2 </name><created_at>2017-02-24 17:56:51</created_at><updated_at>2017-11-09 13:07:29</updated_at></document></document><document><id>252</id><created_at>2019-02-04 19:24:28</created_at><updated_at>2019-02-04 19:24:28</updated_at><model>117</model><document><id>11</id><type>0</type><name>BAR EN 102 + 103 +R1</name><created_at>2017-02-24 17:57:20</created_at><updated_at>2017-11-09 13:07:42</updated_at></document></document><document><id>253</id><created_at>2019-02-04 19:24:28</created_at><updated_at>2019-02-04 19:24:28</updated_at><model>117</model><document><id>12</id><type>0</type><name>BAR EN 102 + 103 +R2 </name><created_at>2017-02-24 17:57:54</created_at><updated_at>2017-11-09 13:07:50</updated_at></document></document><document><id>254</id><created_at>2019-02-04 19:24:28</created_at><updated_at>2019-02-04 19:24:28</updated_at><model>119</model><document><id>13</id><type>0</type><name>BAR EN 101 + 102 + 103 + R1</name><created_at>2017-02-24 17:58:12</created_at><updated_at>2017-11-09 13:07:56</updated_at></document></document><document><id>255</id><created_at>2019-02-04 19:24:28</created_at><updated_at>2019-02-04 19:24:28</updated_at><model>119</model><document><id>14</id><type>0</type><name>BAR EN 101 + 102 + 103 + R2</name><created_at>2017-02-24 17:58:26</created_at><updated_at>2017-11-09 13:08:06</updated_at></document></document></documents>