<?xml version="1.0" encoding="UTF-8" ?><quotation><id>1</id><pre_options>a:4:{s:13:"polluter_logo";s:13:"0,0,100,100|1";s:17:"company_signature";s:15:"22,30,100,100|1";s:13:"company_stamp";s:15:"33,30,100,100|1";s:12:"company_logo";s:15:"1,150,100,100|1";}</pre_options><post_options>a:4:{s:13:"polluter_logo";s:13:"0,0,100,100|1";s:17:"company_signature";s:15:"22,30,100,100|1";s:13:"company_stamp";s:15:"33,30,100,100|1";s:12:"company_logo";s:16:"11,150,100,100|1";}</post_options><signature>100,30,100,100|1;100,30,100,100|2</signature><initiator_signature>100,30,100,100|1</initiator_signature><created_at>2020-07-01 14:01:49</created_at><updated_at>2020-07-07 12:57:46</updated_at><pre><id>112</id><name>103classic1</name><extension>pdf</extension><created_at>2018-06-21 12:16:48</created_at><updated_at>2018-06-21 12:16:48</updated_at><i18n><id>112</id><value>103classic1</value><comments></comments><file>model.pdf</file><mapping></mapping><initiator_signature>171,199,439,286|3</initiator_signature><signature>162,74,430,162|2</signature><variables>customer.address.postcode.0|customer.address.postcode.1|customer.address.postcode.2|customer.address.postcode.3|customer.address.postcode.4|customer.address.postcode|customer.address.address1|FieldNameAlt: Adresse des travaux|customer.address.address2|FieldNameAlt: Complpment d’adresse|customer.address.city|customer.address|customer.email.name|FieldNameAlt: Courriel|customer.email.host|FieldNameAlt: undefined|customer.phone.0|customer.phone.1|customer.phone.2|customer.phone.3|customer.phone.4|customer.phone.5|customer.phone.6|customer.phone.7|customer.phone.8|customer.phone.9|customer.mobile.0|customer.mobile.1|customer.mobile.2|customer.mobile.3|customer.mobile.4|customer.mobile.5|customer.mobile.6|customer.mobile.7|customer.mobile.8|customer.mobile.9|customer.lastname|FieldNameAlt: Nom du signataire|customer.firstname|FieldNameAlt: Prpnom du signataire|today.ddmmyyyy.6|today.ddmmyyyy.7|today.ddmmyyyy.0|today.ddmmyyyy.9|today.ddmmyyyy.8|today.ddmmyyyy.1|today.ddmmyyyy.4|today.ddmmyyyy.3|today.ddmmyyyy|today|company.lastname|FieldNameAlt: Nom du signataire|company.firstname|FieldNameAlt: Prpnom du signataire|company.function|FieldNameAlt: Fonction du signataire|company.name|FieldNameAlt: Raison sociale|company.siret|company.address1|FieldNameAlt: Adresse|company.city|FieldNameAlt: Ville|company.email|FieldNameAlt: Courriel|company.postcode|company.phone|company.mobile|contract.opc_at.ddmmyyyy|contract.opened_at.ddmmyyyy|FieldNameAlt: Date d’engagement de l’oppration (ex : date d’acceptation du devis|contract.request.surface_floor|contract.request.more_2_years|contract.request.energy.electricity|contract.request.energy|contract.layer.name|FieldNameAlt: Adresse des travaux|contract.layer.contacts.0.firstname|FieldNameAlt: Prpnom|contract.layer.contacts.0.lastname|FieldNameAlt: Raison sociale|contract.layer.contacts|contract.layer.siret.0|contract.layer.siret.1|contract.layer.siret.2|contract.layer.siret.3|contract.layer.siret.4|contract.layer.siret.5|contract.layer.siret.6|contract.layer.siret.7|contract.layer.siret.8|contract.layer.siret.9|contract.layer.siret.10|contract.layer.siret.11|contract.layer.siret.12|contract.layer.siret.13|contract.layer.exists|contract|Pays|FieldNameAlt: Pays|Check Box1|quotation.products.floor.items.0.item.input3|FieldNameAlt: Rpsistance thermique : R (m².K/W|quotation.products.floor.items.0|quotation.products.floor.items|quotation.products.floor|quotation.products|quotation</variables><lang>fr</lang><content></content><created_at>2018-06-21 12:16:48</created_at><updated_at>2018-06-21 12:16:49</updated_at></i18n></pre><post><id>6</id><name>postdoc</name><extension>pdf</extension><created_at>2020-06-29 11:47:50</created_at><updated_at>2020-06-29 16:18:10</updated_at><i18n><id>5</id><value>pdfvar</value><comments></comments><file>model.pdf</file><mapping></mapping><initiator_signature></initiator_signature><signature></signature><variables>quotation.prime_oneeuro|quotation.pack_prime|quotation.prime|quotation.ite_prime|quotation.total_sale_with_tax|customer.lastname|FieldNameAlt: Nom du signataire|customer.firstname|FieldNameAlt: Prpnom du signataire|customer.address.address1|FieldNameAlt: Adresse des travaux|customer.address.postcode|customer.address.city|FieldNameAlt: Ville|customer.phone.0|customer.phone.1|customer.phone.2|customer.phone.3|customer.phone.4|customer.phone.5|customer.phone.6|customer.phone.7|customer.phone.8|customer.phone.9|customer.email|FieldNameAlt: Courriel|contract.opened_at.ddmmyyyy|FieldNameAlt: Date d&#8217;engagement de l&#8217;oppration (ex : date d&#8217;acceptation du devis|contract.layer.contacts.0.lastname|FieldNameAlt: Raison sociale|contract.layer.contacts.0.firstname|FieldNameAlt: Prpnom|contract.layer.contacts|contract.layer.name|FieldNameAlt: Adresse des travaux|contract.layer.siret.1|contract.layer.siret.0|contract.layer.siret.2|contract.layer.siret.3|contract.layer.siret.4|contract.layer.siret.5|contract.layer.siret.6|contract.layer.siret.7|contract.layer.siret.8|contract.layer.siret.9|contract.layer.siret.10|contract.layer.siret.11|contract.layer.siret.12|contract.layer.siret.13|contract|company.name|FieldNameAlt: Raison sociale|company.address1|FieldNameAlt: Adresse|company.city|FieldNameAlt: Ville|company.email|FieldNameAlt: Courriel</variables><lang>fr</lang><content></content><created_at>2020-06-29 11:47:50</created_at><updated_at>2020-06-29 11:47:50</updated_at></i18n></post></quotation>