<?xml version="1.0" encoding="UTF-8" ?><documents><document><id>1085</id><created_at>2020-07-21 22:15:53</created_at><updated_at>2020-07-21 22:15:53</updated_at><model>836</model><document><id>31</id><type>0</type><name>CLASSIC</name><created_at>2020-03-02 20:40:00</created_at><updated_at>2020-03-02 20:43:42</updated_at></document></document><document><id>1086</id><created_at>2020-07-21 22:15:58</created_at><updated_at>2020-07-21 22:15:58</updated_at><model>835</model><document><id>32</id><type>0</type><name>PRECAIRE</name><created_at>2020-03-02 20:40:15</created_at><updated_at>2020-03-02 20:43:53</updated_at></document></document><document><id>1087</id><created_at>2020-07-21 22:16:02</created_at><updated_at>2020-07-21 22:16:02</updated_at><model>835</model><document><id>33</id><type>0</type><name>GRAND PRECAIRE</name><created_at>2020-03-02 20:44:00</created_at><updated_at>2020-03-02 20:44:00</updated_at></document></document></documents>