<?xml version="1.0" encoding="UTF-8" ?><models><model><id>815</id><name>test21.06</name><extension>pdf</extension><created_at>2020-06-21 09:04:41</created_at><updated_at>2020-06-21 09:16:15</updated_at><i18n><id>815</id><value>test21.06</value><comments></comments><file>model.docx</file><mapping></mapping><initiator_signature></initiator_signature><signature></signature><variables>nom_signataire|Prime (€)|prenom_signataire|tel_contact|mail contact|rue siege|code postal siege|ville siege|société|date commande|ref_fiche7|ref_fiche6|ref_fiche5|ref_fiche4|ref_fiche3|ref_fiche2|ref_fiche1|nom_fiche7|nom_fiche6|nom_fiche5|nom_fiche4|nom_fiche3|nom_fiche2|nom_fiche1|Primehcdp (€)|============ IMAGES =================|media/image1.png|media/image2.png</variables><lang>fr</lang><content></content><created_at>2020-06-21 09:04:41</created_at><updated_at>2020-06-22 13:39:41</updated_at></i18n></model><model><id>816</id><name>image pdf</name><extension>pdf</extension><created_at>2020-06-29 17:48:56</created_at><updated_at>2020-06-29 17:48:56</updated_at><i18n><id>816</id><value>image pdf</value><comments></comments><file>model.pdf</file><mapping></mapping><initiator_signature></initiator_signature><signature></signature><variables>quotation.prime_oneeuro|quotation.total_sale_with_tax|quotation.ite_prime|quotation.prime|quotation.pack_prime|customer.lastname|FieldNameAlt: Nom du signataire|customer.firstname|FieldNameAlt: Prpnom du signataire|customer.address.address1|FieldNameAlt: Adresse des travaux|customer.address.city|FieldNameAlt: Ville|customer.address.postcode|customer.phone|FieldNameAlt: Nom du signataire|customer.email|FieldNameAlt: Courriel|company.name|FieldNameAlt: Raison sociale|company.siret|company.address1|FieldNameAlt: Adresse|company.city|FieldNameAlt: Ville|company.email|FieldNameAlt: Courriel|company.phone|company.mobile|company.postcode.0|company.postcode.1|company.postcode.2|company.postcode.3|company.postcode.4</variables><lang>fr</lang><content></content><created_at>2020-06-29 17:48:56</created_at><updated_at>2020-06-29 19:05:56</updated_at></i18n></model><model><id>818</id><name>test pdf image 2</name><extension>pdf</extension><created_at>2020-06-30 19:03:25</created_at><updated_at>2020-06-30 19:03:25</updated_at><i18n><id>818</id><value>test pdf image 2</value><comments></comments><file>model.pdf</file><mapping></mapping><initiator_signature></initiator_signature><signature></signature><variables>quotation.prime_oneeuro|quotation.prime|quotation.total_sale_with_tax|quotation.ite_prime|customer.lastname|FieldNameAlt: Nom du signataire|customer.firstname|FieldNameAlt: Prpnom du signataire|customer.address.address1|FieldNameAlt: Adresse des travaux|customer.address.postcode|customer.address.city|FieldNameAlt: Ville|customer.phone|FieldNameAlt: Nom du signataire|customer.email|FieldNameAlt: Courriel|company.name|FieldNameAlt: Raison sociale|company.siret|company.address1|FieldNameAlt: Adresse|company.phone|company.mobile|company.postcode.0|company.postcode.1|company.postcode.2|company.postcode.3|company.postcode.4|company.city|FieldNameAlt: Ville|company.email|FieldNameAlt: Courriel</variables><lang>fr</lang><content></content><created_at>2020-06-30 19:03:25</created_at><updated_at>2020-06-30 19:03:25</updated_at></i18n></model><model><id>820</id><name>cadre de contribution</name><extension>pdf</extension><created_at>2020-07-08 13:32:43</created_at><updated_at>2020-07-08 13:32:43</updated_at><i18n><id>820</id><value>cadre de contribution</value><comments></comments><file>model.pdf</file><mapping></mapping><initiator_signature></initiator_signature><signature></signature><variables>customer.lastname|FieldNameAlt: Nom du signataire|customer.firstname|FieldNameAlt: Prpnom du signataire|customer.address.address1|FieldNameAlt: Adresse des travaux|customer.address.address2|FieldNameAlt: Complpment d&#8217;adresse|customer.address.postcode|customer.email|FieldNameAlt: Courriel|customer.phone|quotation.ite_prime|company.name|FieldNameAlt: Raison sociale|contract.quoted_at.ddmmyyyy.0|contract.quoted_at.ddmmyyyy.1|contract.quoted_at.ddmmyyyy.3|contract.quoted_at.ddmmyyyy.4|contract.quoted_at.ddmmyyyy.6|contract.quoted_at.ddmmyyyy.7|contract.quoted_at.ddmmyyyy.8|contract.quoted_at.ddmmyyyy.9|contract.quoted_at|contract</variables><lang>fr</lang><content></content><created_at>2020-07-08 13:32:43</created_at><updated_at>2020-07-08 13:32:44</updated_at></i18n></model><model><id>834</id><name>moa concatner aide</name><extension>pdf</extension><created_at>2020-07-21 21:29:59</created_at><updated_at>2020-07-21 21:29:59</updated_at><i18n><id>834</id><value>moa concatner aide</value><comments></comments><file>model.pdf</file><mapping></mapping><initiator_signature></initiator_signature><signature></signature><variables>company.name|company.name_address1_postcode_city|FieldNameAlt: societe.nom.adresse|company.ape|company.capital|company.phone_email|FieldNameAlt: Raison sociale|company.siret|company.tva|contract.pre_meeting_at.ddmmyyyy|contract|quotation.reference|FieldNameAlt: quotation.reference|quotation.total_sale_with_ite_prime|today.ddmmyyyy.0|today.ddmmyyyy.1|today.ddmmyyyy.3|today.ddmmyyyy.4|today.ddmmyyyy.6|today.ddmmyyyy.7|today.ddmmyyyy.8|today.ddmmyyyy.9|today.ddmmyyyy|today|customer.lastname|customer.address.postcode.0|customer.address.postcode.1|customer.address.postcode.2|customer.address.postcode.3|customer.address.postcode.4|customer.address.postcode|customer.address.city|customer.address.address1|FieldNameAlt: Adresse des travaux|customer.address|customer.firstname|customer</variables><lang>fr</lang><content></content><created_at>2020-07-21 21:29:59</created_at><updated_at>2020-07-21 22:10:08</updated_at></i18n></model><model><id>835</id><name>102 PRECAIRE TEST</name><extension>pdf</extension><created_at>2020-07-21 22:15:17</created_at><updated_at>2020-07-21 22:15:17</updated_at><i18n><id>835</id><value>102 PRECAIRE TEST</value><comments></comments><file>model.pdf</file><mapping></mapping><initiator_signature>28,134,297,196|2</initiator_signature><signature>28,134,297,196|1</signature><variables>contract.opened_at.ddmmyyyy|FieldNameAlt: Date d&#8217;engagement de l&#8217;oppration (ex : date d&#8217;acceptation du devis|contract.billing_at.ddmmyyyy|contract.request.more_2_years|contract.request.energy.electricity|contract.request.energy|contract.request.occupation.value|FieldNameAlt: Courriel|contract.request.extra.modest.numberofpeople|FieldNameAlt: Nombre de personnes|contract.request.extra.modest.nombre_foyers_fiscaux|FieldNameAlt: Nombre de foyers fiscaux|contract.request.extra.verymodest.numberofpeople|FieldNameAlt: Nombre de personnes|contract.request.extra.verymodest.nombre_foyers_fiscaux|FieldNameAlt: Nom (s) et prpnom (s) du/des premier (s) dpclarant (s) des autres foyers fiscaux|contract.request.extra.verymodest.noms_prenoms_declarants|FieldNameAlt: Nombre de foyers fiscaux|contract.request.extra|contract.request|contract.layer.contacts.0.lastname|FieldNameAlt: Raison sociale|contract.layer.contacts.0.firstname|FieldNameAlt: Prpnom|contract.layer.contacts|contract.layer.name|FieldNameAlt: Adresse des travaux|contract.layer.siret.0|contract.layer.siret.1|contract.layer.siret.2|contract.layer.siret.3|contract.layer.siret.4|contract.layer.siret.5|contract.layer.siret.6|contract.layer.siret.7|contract.layer.siret.8|contract.layer.siret.9|contract.layer.siret.10|contract.layer.siret.11|contract.layer.siret.12|contract.layer.siret.13|contract.layer.exists|contract|customer.address.postcode.0|customer.address.postcode.1|customer.address.postcode.2|customer.address.postcode.3|customer.address.postcode.4|customer.address.postcode|customer.address.address1|customer.address.address2|customer.address.city|customer.address.country|customer.address|customer.phone.0|customer.phone.1|customer.phone.2|customer.phone.3|customer.phone.4|customer.phone.5|customer.phone.6|customer.phone.7|customer.phone.8|customer.phone.9|customer.phone|customer.mobile.0|customer.mobile.1|customer.mobile.2|customer.mobile.3|customer.mobile.4|customer.mobile.5|customer.mobile.6|customer.mobile.7|customer.mobile.8|customer.mobile.9|customer.mobile|customer.lastname|customer.firstname|customer.email|customer|master.quantity|master.item.input3|FieldNameAlt: Rpsistance thermique : R (m&#178;.K/W|master.item.thickness|FieldNameAlt: Rpsistance thermique : R (m&#178;.K/W|master.item.mark|FieldNameAlt: Rpsistance thermique : R (m&#178;.K/W|master.item.reference|FieldNameAlt: Rpsistance thermique : R (m&#178;.K/W|Check Box1|today.ddmmyyyy.3|today.ddmmyyyy.0|today.ddmmyyyy.1|today.ddmmyyyy.4|today.ddmmyyyy.6|today.ddmmyyyy.7|today.ddmmyyyy.8|today.ddmmyyyy.9|today.ddmmyyyy|today|company.lastname|FieldNameAlt: Nom du signataire|company.firstname|FieldNameAlt: Prpnom du signataire|company.function|FieldNameAlt: Fonction du signataire|company.name|FieldNameAlt: Raison sociale|company.siret|company.address1|FieldNameAlt: Adresse|company.postcode|company.city|FieldNameAlt: Ville|company.phone|company.mobile|company.email|FieldNameAlt: Courriel|calculation.class.value|calculation.class|calculation</variables><lang>fr</lang><content></content><created_at>2020-07-21 22:15:17</created_at><updated_at>2020-07-21 22:18:06</updated_at></i18n></model><model><id>836</id><name>102 CLASSIC TEST</name><extension>pdf</extension><created_at>2020-07-21 22:15:39</created_at><updated_at>2020-07-21 22:15:39</updated_at><i18n><id>836</id><value>102 CLASSIC TEST</value><comments></comments><file>model.pdf</file><mapping></mapping><initiator_signature>28,134,297,196|4</initiator_signature><signature>28,134,297,196|3</signature><variables></variables><lang>fr</lang><content></content><created_at>2020-07-21 22:15:39</created_at><updated_at>2020-07-21 22:18:16</updated_at></i18n></model></models>