<?xml version="1.0" encoding="UTF-8" ?><pricings><pricing><id>150</id><coef>0.003500</coef><ana_prime>50.00</ana_prime><ite_prime>10.70</ite_prime><prime>660.000000</prime><pack_prime>3500.000000000</pack_prime><ite_coef>0.350000000</ite_coef><pack_coef>0.350000000</pack_coef><boiler_coef>0.350000000</boiler_coef><ana_limit>50.000000000</ana_limit><multiple>0.000000000</multiple><multiple_floor></multiple_floor><multiple_top></multiple_top><multiple_wall></multiple_wall><created_at>2020-07-13 15:07:13</created_at><updated_at>2020-07-13 15:07:44</updated_at><class><id>3</id><name>  </name><coef>0.002800</coef><prime>0.000000000</prime><pack_prime>0.000000000</pack_prime><multiple>1.000000000</multiple><multiple_floor>1.000000000</multiple_floor><multiple_top>1.000000000</multiple_top><multiple_wall>1.000000000</multiple_wall></class></pricing><pricing><id>151</id><coef>0.003600</coef><ana_prime>75.00</ana_prime><ite_prime>20.00</ite_prime><prime>1525.000000</prime><pack_prime>1300.000000000</pack_prime><ite_coef>0.250000000</ite_coef><pack_coef>0.250000000</pack_coef><boiler_coef>0.250000000</boiler_coef><ana_limit>75.000000000</ana_limit><multiple>0.000000000</multiple><multiple_floor></multiple_floor><multiple_top></multiple_top><multiple_wall></multiple_wall><created_at>2020-07-13 15:08:14</created_at><updated_at>2020-07-21 22:13:10</updated_at><class><id>2</id><name>0</name><coef>0.004100</coef><prime>800.000000000</prime><pack_prime>3000.000000000</pack_prime><multiple>1.000000000</multiple><multiple_floor>1.527778000</multiple_floor><multiple_top>2.000000000</multiple_top><multiple_wall>2.000000000</multiple_wall></class></pricing><pricing><id>152</id><coef>0.003700</coef><ana_prime>100.00</ana_prime><ite_prime>10.70</ite_prime><prime>1320.000000</prime><pack_prime>5500.000000000</pack_prime><ite_coef>0.100000000</ite_coef><pack_coef>0.100000000</pack_coef><boiler_coef>0.100000000</boiler_coef><ana_limit>100.000000000</ana_limit><multiple>0.000000000</multiple><multiple_floor></multiple_floor><multiple_top></multiple_top><multiple_wall></multiple_wall><created_at>2020-07-13 15:08:58</created_at><updated_at>2020-07-21 22:13:16</updated_at><class><id>1</id><name>1</name><coef>0.004100</coef><prime>1200.000000000</prime><pack_prime>4800.000000000</pack_prime><multiple>1.000000000</multiple><multiple_floor>1.527778000</multiple_floor><multiple_top>2.000000000</multiple_top><multiple_wall>2.000000000</multiple_wall></class></pricing></pricings>