<?xml version="1.0" encoding="UTF-8" ?><quotation><id>3</id><pre_options>a:4:{s:13:"polluter_logo";s:16:"28,134,297,196|5";s:17:"company_signature";s:16:"28,134,297,196|7";s:13:"company_stamp";s:16:"28,134,297,196|8";s:12:"company_logo";s:16:"28,134,297,196|6";}</pre_options><post_options>a:4:{s:13:"polluter_logo";s:16:"28,134,297,196|9";s:17:"company_signature";s:17:"28,134,297,196|11";s:13:"company_stamp";s:17:"28,134,297,196|12";s:12:"company_logo";s:17:"28,134,297,196|10";}</post_options><signature>28,134,297,196|13</signature><initiator_signature>28,134,297,196|14</initiator_signature><created_at>2020-07-08 00:42:49</created_at><updated_at>2020-07-21 22:19:17</updated_at><pre><id>834</id><name>moa concatner aide</name><extension>pdf</extension><created_at>2020-07-21 21:29:59</created_at><updated_at>2020-07-21 21:29:59</updated_at><i18n><id>834</id><value>moa concatner aide</value><comments></comments><file>model.pdf</file><mapping></mapping><initiator_signature></initiator_signature><signature></signature><variables>company.name|company.name_address1_postcode_city|FieldNameAlt: societe.nom.adresse|company.ape|company.capital|company.phone_email|FieldNameAlt: Raison sociale|company.siret|company.tva|contract.pre_meeting_at.ddmmyyyy|contract|quotation.reference|FieldNameAlt: quotation.reference|quotation.total_sale_with_ite_prime|today.ddmmyyyy.0|today.ddmmyyyy.1|today.ddmmyyyy.3|today.ddmmyyyy.4|today.ddmmyyyy.6|today.ddmmyyyy.7|today.ddmmyyyy.8|today.ddmmyyyy.9|today.ddmmyyyy|today|customer.lastname|customer.address.postcode.0|customer.address.postcode.1|customer.address.postcode.2|customer.address.postcode.3|customer.address.postcode.4|customer.address.postcode|customer.address.city|customer.address.address1|FieldNameAlt: Adresse des travaux|customer.address|customer.firstname|customer</variables><lang>fr</lang><content></content><created_at>2020-07-21 21:29:59</created_at><updated_at>2020-07-21 22:10:08</updated_at></i18n></pre><post><id>7</id><name>ITE THEME32</name><extension>pdf</extension><created_at>2020-07-09 15:36:50</created_at><updated_at>2020-07-09 15:36:50</updated_at><i18n><id>7</id><value>ITE THEME32</value><comments></comments><file>model.pdf</file><mapping></mapping><initiator_signature></initiator_signature><signature></signature><variables></variables><lang>fr</lang><content></content><created_at>2020-07-09 15:36:50</created_at><updated_at>2020-07-09 15:36:50</updated_at></i18n></post></quotation>