--
-- Contenu de la table `t_domoprime_zone`
--
INSERT INTO `t_domoprime_sector` (`id`,`name`) VALUES 
(1,'H1'),
(2,'H2'),
(3,'H3');

INSERT INTO `t_domoprime_zone` (`id`,`region_id`,`code`, `dept`, `sector_id`) VALUES 
(1,'1','1','Ain',1),
(2,'2','2','Aisne',1),
(3,'1','3','Allier',1),
(4,'3','5','Hautes Alpes',1),
(5,'5','8','Ardennes',1),
(6,'5','10','Aube',1),
(7,'6','14','Calvados',1),
(8,'1','15','Cantal',1),
(9,'7','19','Corrèze',1),
(10,'8','21','Cote d’or',1),
(11,'7','23','Creuse',1),
(12,'8','25','Doubs',1),
(13,'6','27','Eure',1),
(14,'9','28','Eure et Loir',1),
(15,'1','38','Isère',1),
(16,'8','39','Jura',1),
(17,'1','42','Loire',1),
(18,'1','43','Haute Loire',1),
(19,'9','45','Loiret',1),
(20,'5','51','Marne',1),
(21,'5','52','Haute Marne',1),
(22,'5','54','Meurthe et Moselle',1),
(23,'5','55','Meuse',1),
(24,'5','57','Moselle',1),
(25,'8','58','Nièvre',1),
(26,'2','59','Nord',1),
(27,'2','60','Oise',1),
(28,'6','61','Orne',1),
(29,'2','62','Pas de Calais',1),
(30,'1','63','Puy de Dôme',1),
(31,'5','67','Bas Rhin',1),
(32,'5','68','Haut Rhin',1),
(33,'1','69','Rhône',1),
(34,'8','70','Haute Saône',1),
(35,'8','71','Saône et Loire',1),
(36,'1','73','Savoie',1),
(37,'1','74','Haute Savoie',1),
(38,'12','75','Paris',1),
(39,'6','76','Seine Maritime',1),
(40,'12','77','Seine et Marne',1),
(41,'12','78','Yvelines',1),
(42,'2','80','Somme',1),
(43,'7','87','Haute Vienne',1),
(44,'5','88','Vosges',1),
(45,'8','89','Yonne',1),
(46,'8','90','Territoire de Belfort',1),
(47,'12','91','Essonne',1),
(48,'12','92','Hauts de Seine',1),
(49,'12','93','Seine Saint Denis',1),
(50,'12','94','Val de Marne',1),
(51,'12','95','Val d’Oise',1),
(52,'3','4','Alpes de Haute Provence',2),
(53,'1','7','Ardèche',2),
(54,'4','9','Ariège',2),
(55,'4','12','Aveyron',2),
(56,'7','16','Charente',2),
(57,'7','17','Charente Maritime',2),
(58,'9','18','Cher',2),
(59,'10','22','Cotes d’Armor',2),
(60,'7','24','Dordogne',2),
(61,'1','26','Drome',2),
(62,'10','29','Finistère',2),
(63,'4','31','Haute Garonne',2),
(64,'4','32','Gers',2),
(65,'7','33','Gironde',2),
(66,'10','35','Ile et Vilaine',2),
(67,'9','36','Indre',2),
(68,'9','37','Indre et Loire',2),
(69,'7','40','Landes',2),
(70,'9','41','Loir et Cher',2),
(71,'18','44','Loire Atlantique',2),
(72,'4','46','Lot',2),
(73,'7','47','Lot et Garonne',2),
(74,'4','48','Lozère',2),
(75,'18','49','Maine et Loire',2),
(76,'6','50','Manche',2),
(77,'18','53','Mayenne',2),
(78,'10','56','Morbihan',2),
(79,'7','64','Pyrénées Atlantiques',2),
(80,'4','65','Hautes Pyrénées',2),
(81,'18','72','Sarthe',2),
(82,'7','79','Deux Sèvres',2),
(83,'4','81','Tarn',2),
(84,'4','82','Tarn et Garonne',2),
(85,'3','84','Vaucluse',2),
(86,'18','85','Vendée',2),
(87,'7','86','Vienne',2),
(88,'3','6','Alpes Maritimes',3),
(89,'4','11','Aude',3),
(90,'3','13','Bouches Du Rhône',3),
(91,'16','20','Corse',3),
(92,'4','30','Gard',3),
(93,'4','34','Hérault',3),
(94,'4','66','Pyrénées Orientales',3),
(95,'3','83','Var',3);



INSERT INTO `t_domoprime_region` (`id`,`name`) VALUES 
(1,'Auvergne-Rhône-Alpes'),
(2,'Nord-Pas-de-Calais-Picardie'),
(3,"Provence-Alpes-Côte d'Azur"),
(4,'Languedoc-Roussillon-Midi-Pyrénées'),
(5,'Alsace-Champagne-Ardenne-Lorraine'),
(6,'Normandie'),
(7,'Aquitaine-Limousin-Poitou-Charentes'),
(8,'Bourgogne-Franche-Comté'),
(9,'Centre-Val de Loire'),
(10,'Bretagne'),
(11,'Guadeloupe'),
(12,'Ile-de-France'),
(13,'Martinique'),
(14,'La Réunion'),
(15,'Mayotte'),
(16,'Corse'),
(17,'Guyane'),
(18,'Pays de la Loire');
