<?xml version="1.0" encoding="UTF-8" ?><pricings><pricing><id>47</id><coef>0.003800</coef><ana_prime>20.00</ana_prime><ite_prime>15.00</ite_prime><prime>0.000000</prime><pack_prime></pack_prime><multiple>0.000000000</multiple><multiple_floor></multiple_floor><multiple_top></multiple_top><multiple_wall></multiple_wall><created_at>2018-06-19 07:50:04</created_at><updated_at>2020-02-28 17:05:03</updated_at><class><id>2</id><name>0</name><coef>0.004100</coef><prime></prime><pack_prime></pack_prime><multiple>1.000000000</multiple><multiple_floor>1.527778000</multiple_floor><multiple_top>2.000000000</multiple_top><multiple_wall>2.000000000</multiple_wall></class></pricing><pricing><id>48</id><coef>0.003800</coef><ana_prime>30.00</ana_prime><ite_prime>25.00</ite_prime><prime>0.000000</prime><pack_prime></pack_prime><multiple>0.000000000</multiple><multiple_floor></multiple_floor><multiple_top></multiple_top><multiple_wall></multiple_wall><created_at>2018-06-19 07:50:09</created_at><updated_at>2020-02-28 17:05:26</updated_at><class><id>1</id><name>1</name><coef>0.004100</coef><prime></prime><pack_prime></pack_prime><multiple>1.000000000</multiple><multiple_floor>1.527778000</multiple_floor><multiple_top>2.000000000</multiple_top><multiple_wall>2.000000000</multiple_wall></class></pricing><pricing><id>49</id><coef>0.003900</coef><ana_prime>10.00</ana_prime><ite_prime>5.00</ite_prime><prime>0.000000</prime><pack_prime></pack_prime><multiple>0.000000000</multiple><multiple_floor></multiple_floor><multiple_top></multiple_top><multiple_wall></multiple_wall><created_at>2019-02-04 19:25:25</created_at><updated_at>2020-02-28 17:05:15</updated_at><class><id>3</id><name>  </name><coef>0.002800</coef><prime></prime><pack_prime></pack_prime><multiple>1.000000000</multiple><multiple_floor>1.000000000</multiple_floor><multiple_top>1.000000000</multiple_top><multiple_wall>1.000000000</multiple_wall></class></pricing></pricings>